id,name_th,name_en,province_id,created_at,updated_at,deleted_at
1001,เขตพระนคร,Khet Phra Nakhon,1,2019-08-09T03:33:09.000+07:00,2025-09-20T06:31:26.000+07:00,
1002,เขตดุสิต,Khet Dusit,1,2019-08-09T03:33:09.000+07:00,2025-09-20T06:31:26.000+07:00,
1003,เขตหนองจอก,Khet Nong Chok,1,2019-08-09T03:33:09.000+07:00,2025-09-20T06:31:26.000+07:00,
1004,เขตบางรัก,Khet Bang Rak,1,2019-08-09T03:33:09.000+07:00,2025-09-20T06:31:26.000+07:00,
1005,เขตบางเขน,Khet Bang Khen,1,2019-08-09T03:33:09.000+07:00,2025-09-20T06:31:26.000+07:00,
1006,เขตบางกะปิ,Khet Bang Kapi,1,2019-08-09T03:33:09.000+07:00,2025-09-20T06:31:26.000+07:00,
1007,เขตปทุมวัน,Khet Pathum Wan,1,2019-08-09T03:33:09.000+07:00,2025-09-20T06:31:26.000+07:00,
1008,เขตป้อมปราบศัตรูพ่าย,Khet Pom Prap Sattru Phai,1,2019-08-09T03:33:09.000+07:00,2025-09-20T06:31:26.000+07:00,
1009,เขตพระโขนง,Khet Phra Khanong,1,2019-08-09T03:33:09.000+07:00,2025-09-20T06:31:26.000+07:00,
1010,เขตมีนบุรี,Khet Min Buri,1,2019-08-09T03:33:09.000+07:00,2025-09-20T06:31:26.000+07:00,
1011,เขตลาดกระบัง,Khet Lat Krabang,1,2019-08-09T03:33:09.000+07:00,2025-09-20T06:31:26.000+07:00,
1012,เขตยานนาวา,Khet Yan Nawa,1,2019-08-09T03:33:09.000+07:00,2025-09-20T06:31:26.000+07:00,
1013,เขตสัมพันธวงศ์,Khet Samphanthawong,1,2019-08-09T03:33:09.000+07:00,2025-09-20T06:31:26.000+07:00,
1014,เขตพญาไท,Khet Phaya Thai,1,2019-08-09T03:33:09.000+07:00,2025-09-20T06:31:26.000+07:00,
1015,เขตธนบุรี,Khet Thon Buri,1,2019-08-09T03:33:09.000+07:00,2025-09-20T06:31:26.000+07:00,
1016,เขตบางกอกใหญ่,Khet Bangkok Yai,1,2019-08-09T03:33:09.000+07:00,2025-09-20T06:31:26.000+07:00,
1017,เขตห้วยขวาง,Khet Huai Khwang,1,2019-08-09T03:33:09.000+07:00,2025-09-20T06:31:26.000+07:00,
1018,เขตคลองสาน,Khet Khlong San,1,2019-08-09T03:33:09.000+07:00,2025-09-20T06:31:26.000+07:00,
1019,เขตตลิ่งชัน,Khet Taling Chan,1,2019-08-09T03:33:09.000+07:00,2025-09-20T06:31:26.000+07:00,
1020,เขตบางกอกน้อย,Khet Bangkok Noi,1,2019-08-09T03:33:09.000+07:00,2025-09-20T06:31:26.000+07:00,
1021,เขตบางขุนเทียน,Khet Bang Khun Thian,1,2019-08-09T03:33:09.000+07:00,2025-09-20T06:31:26.000+07:00,
1022,เขตภาษีเจริญ,Khet Phasi Charoen,1,2019-08-09T03:33:09.000+07:00,2025-09-20T06:31:26.000+07:00,
1023,เขตหนองแขม,Khet Nong Khaem,1,2019-08-09T03:33:09.000+07:00,2025-09-20T06:31:26.000+07:00,
1024,เขตราษฎร์บูรณะ,Khet Rat Burana,1,2019-08-09T03:33:09.000+07:00,2025-09-20T06:31:26.000+07:00,
1025,เขตบางพลัด,Khet Bang Phlat,1,2019-08-09T03:33:09.000+07:00,2025-09-20T06:31:26.000+07:00,
1026,เขตดินแดง,Khet Din Daeng,1,2019-08-09T03:33:09.000+07:00,2025-09-20T06:31:26.000+07:00,
1027,เขตบึงกุ่ม,Khet Bueng Kum,1,2019-08-09T03:33:09.000+07:00,2025-09-20T06:31:26.000+07:00,
1028,เขตสาทร,Khet Sathon,1,2019-08-09T03:33:09.000+07:00,2025-09-20T06:31:26.000+07:00,
1029,เขตบางซื่อ,Khet Bang Sue,1,2019-08-09T03:33:09.000+07:00,2025-09-20T06:31:26.000+07:00,
1030,เขตจตุจักร,Khet Chatuchak,1,2019-08-09T03:33:09.000+07:00,2025-09-20T06:31:26.000+07:00,
1031,เขตบางคอแหลม,Khet Bang Kho Laem,1,2019-08-09T03:33:09.000+07:00,2025-09-20T06:31:26.000+07:00,
1032,เขตประเวศ,Khet Prawet,1,2019-08-09T03:33:09.000+07:00,2025-09-20T06:31:26.000+07:00,
1033,เขตคลองเตย,Khet Khlong Toei,1,2019-08-09T03:33:09.000+07:00,2025-09-20T06:31:26.000+07:00,
1034,เขตสวนหลวง,Khet Suan Luang,1,2019-08-09T03:33:09.000+07:00,2025-09-20T06:31:26.000+07:00,
1035,เขตจอมทอง,Khet Chom Thong,1,2019-08-09T03:33:09.000+07:00,2025-09-20T06:31:26.000+07:00,
1036,เขตดอนเมือง,Khet Don Mueang,1,2019-08-09T03:33:09.000+07:00,2025-09-20T06:31:26.000+07:00,
1037,เขตราชเทวี,Khet Ratchathewi,1,2019-08-09T03:33:09.000+07:00,2025-09-20T06:31:26.000+07:00,
1038,เขตลาดพร้าว,Khet Lat Phrao,1,2019-08-09T03:33:09.000+07:00,2025-09-20T06:31:26.000+07:00,
1039,เขตวัฒนา,Khet Watthana,1,2019-08-09T03:33:09.000+07:00,2025-09-20T06:31:26.000+07:00,
1040,เขตบางแค,Khet Bang Khae,1,2019-08-09T03:33:09.000+07:00,2025-09-20T06:31:26.000+07:00,
1041,เขตหลักสี่,Khet Lak Si,1,2019-08-09T03:33:09.000+07:00,2025-09-20T06:31:26.000+07:00,
1042,เขตสายไหม,Khet Sai Mai,1,2019-08-09T03:33:09.000+07:00,2025-09-20T06:31:26.000+07:00,
1043,เขตคันนายาว,Khet Khan Na Yao,1,2019-08-09T03:33:09.000+07:00,2025-09-20T06:31:26.000+07:00,
1044,เขตสะพานสูง,Khet Saphan Sung,1,2019-08-09T03:33:09.000+07:00,2025-09-20T06:31:26.000+07:00,
1045,เขตวังทองหลาง,Khet Wang Thonglang,1,2019-08-09T03:33:09.000+07:00,2025-09-20T06:31:26.000+07:00,
1046,เขตคลองสามวา,Khet Khlong Sam Wa,1,2019-08-09T03:33:09.000+07:00,2025-09-20T06:31:26.000+07:00,
1047,เขตบางนา,Khet Bang Na,1,2019-08-09T03:33:09.000+07:00,2025-09-20T06:31:26.000+07:00,
1048,เขตทวีวัฒนา,Khet Thawi Watthana,1,2019-08-09T03:33:09.000+07:00,2025-09-20T06:31:26.000+07:00,
1049,เขตทุ่งครุ,Khet Thung Khru,1,2019-08-09T03:33:09.000+07:00,2025-09-20T06:31:26.000+07:00,
1050,เขตบางบอน,Khet Bang Bon,1,2019-08-09T03:33:09.000+07:00,2025-09-20T06:31:26.000+07:00,
1101,อำเภอเมืองสมุทรปราการ,Amphoe Mueang Samut Prakan,2,2019-08-09T03:33:09.000+07:00,2025-09-20T06:31:26.000+07:00,
1102,อำเภอบางบ่อ,Amphoe Bang Bo,2,2019-08-09T03:33:09.000+07:00,2025-09-20T06:31:26.000+07:00,
1103,อำเภอบางพลี,Amphoe Bang Phli,2,2019-08-09T03:33:09.000+07:00,2025-09-20T06:31:26.000+07:00,
1104,อำเภอพระประแดง,Amphoe Phra Pradaeng,2,2019-08-09T03:33:09.000+07:00,2025-09-20T06:31:26.000+07:00,
1105,อำเภอพระสมุทรเจดีย์,Amphoe Phra Samut Chedi,2,2019-08-09T03:33:09.000+07:00,2025-09-20T06:31:26.000+07:00,
1106,อำเภอบางเสาธง,Amphoe Bang Sao Thong,2,2019-08-09T03:33:09.000+07:00,2025-09-20T06:31:26.000+07:00,
1201,อำเภอเมืองนนทบุรี,Amphoe Mueang Nonthaburi,3,2019-08-09T03:33:09.000+07:00,2025-09-20T06:31:26.000+07:00,
1202,อำเภอบางกรวย,Amphoe Bang Kruai,3,2019-08-09T03:33:09.000+07:00,2025-09-20T06:31:26.000+07:00,
1203,อำเภอบางใหญ่,Amphoe Bang Yai,3,2019-08-09T03:33:09.000+07:00,2025-09-20T06:31:26.000+07:00,
1204,อำเภอบางบัวทอง,Amphoe Bang Bua Thong,3,2019-08-09T03:33:09.000+07:00,2025-09-20T06:31:26.000+07:00,
1205,อำเภอไทรน้อย,Amphoe Sai Noi,3,2019-08-09T03:33:09.000+07:00,2025-09-20T06:31:26.000+07:00,
1206,อำเภอปากเกร็ด,Amphoe Pak Kret,3,2019-08-09T03:33:09.000+07:00,2025-09-20T06:31:26.000+07:00,
1301,อำเภอเมืองปทุมธานี,Amphoe Mueang Pathum Thani,4,2019-08-09T03:33:09.000+07:00,2025-09-20T06:31:26.000+07:00,
1302,อำเภอคลองหลวง,Amphoe Khlong Luang,4,2019-08-09T03:33:09.000+07:00,2025-09-20T06:31:26.000+07:00,
1303,อำเภอธัญบุรี,Amphoe Thanyaburi,4,2019-08-09T03:33:09.000+07:00,2025-09-20T06:31:26.000+07:00,
1304,อำเภอหนองเสือ,Amphoe Nong Suea,4,2019-08-09T03:33:09.000+07:00,2025-09-20T06:31:26.000+07:00,
1305,อำเภอลาดหลุมแก้ว,Amphoe Lat Lum Kaeo,4,2019-08-09T03:33:09.000+07:00,2025-09-20T06:31:26.000+07:00,
1306,อำเภอลำลูกกา,Amphoe Lam Luk Ka,4,2019-08-09T03:33:09.000+07:00,2025-09-20T06:31:26.000+07:00,
1307,อำเภอสามโคก,Amphoe Sam Khok,4,2019-08-09T03:33:09.000+07:00,2025-09-20T06:31:26.000+07:00,
1401,อำเภอพระนครศรีอยุธยา,Amphoe Phra Nakhon Si Ayutthaya,5,2019-08-09T03:33:09.000+07:00,2025-09-20T06:31:26.000+07:00,
1402,อำเภอท่าเรือ,Amphoe Tha Ruea,5,2019-08-09T03:33:09.000+07:00,2025-09-20T06:31:26.000+07:00,
1403,อำเภอนครหลวง,Amphoe Nakhon Luang,5,2019-08-09T03:33:09.000+07:00,2025-09-20T06:31:26.000+07:00,
1404,อำเภอบางไทร,Amphoe Bang Sai,5,2019-08-09T03:33:09.000+07:00,2025-09-20T06:31:26.000+07:00,
1405,อำเภอบางบาล,Amphoe Bang Ban,5,2019-08-09T03:33:09.000+07:00,2025-09-20T06:31:26.000+07:00,
1406,อำเภอบางปะอิน,Amphoe Bang Pa-in,5,2019-08-09T03:33:09.000+07:00,2025-09-20T06:31:26.000+07:00,
1407,อำเภอบางปะหัน,Amphoe Bang Pahan,5,2019-08-09T03:33:09.000+07:00,2025-09-20T06:31:26.000+07:00,
1408,อำเภอผักไห่,Amphoe Phak Hai,5,2019-08-09T03:33:09.000+07:00,2025-09-20T06:31:26.000+07:00,
1409,อำเภอภาชี,Amphoe Phachi,5,2019-08-09T03:33:09.000+07:00,2025-09-20T06:31:26.000+07:00,
1410,อำเภอลาดบัวหลวง,Amphoe Lat Bua Luang,5,2019-08-09T03:33:09.000+07:00,2025-09-20T06:31:26.000+07:00,
1411,อำเภอวังน้อย,Amphoe Wang Noi,5,2019-08-09T03:33:09.000+07:00,2025-09-20T06:31:26.000+07:00,
1412,อำเภอเสนา,Amphoe Sena,5,2019-08-09T03:33:09.000+07:00,2025-09-20T06:31:26.000+07:00,
1413,อำเภอบางซ้าย,Amphoe Bang Sai,5,2019-08-09T03:33:09.000+07:00,2025-09-20T06:31:26.000+07:00,
1414,อำเภออุทัย,Amphoe Uthai,5,2019-08-09T03:33:09.000+07:00,2025-09-20T06:31:26.000+07:00,
1415,อำเภอมหาราช,Amphoe Maha Rat,5,2019-08-09T03:33:09.000+07:00,2025-09-20T06:31:26.000+07:00,
1416,อำเภอบ้านแพรก,Amphoe Ban Phraek,5,2019-08-09T03:33:09.000+07:00,2025-09-20T06:31:26.000+07:00,
1501,อำเภอเมืองอ่างทอง,Amphoe Mueang Ang Thong,6,2019-08-09T03:33:09.000+07:00,2025-09-20T06:31:26.000+07:00,
1502,อำเภอไชโย,Amphoe Chaiyo,6,2019-08-09T03:33:09.000+07:00,2025-09-20T06:31:26.000+07:00,
1503,อำเภอป่าโมก,Amphoe Pa Mok,6,2019-08-09T03:33:09.000+07:00,2025-09-20T06:31:26.000+07:00,
1504,อำเภอโพธิ์ทอง,Amphoe Pho Thong,6,2019-08-09T03:33:09.000+07:00,2025-09-20T06:31:26.000+07:00,
1505,อำเภอแสวงหา,Amphoe Sawaeng Ha,6,2019-08-09T03:33:09.000+07:00,2025-09-20T06:31:26.000+07:00,
1506,อำเภอวิเศษชัยชาญ,Amphoe Wiset Chai Chan,6,2019-08-09T03:33:09.000+07:00,2025-09-20T06:31:26.000+07:00,
1507,อำเภอสามโก้,Amphoe Samko,6,2019-08-09T03:33:09.000+07:00,2025-09-20T06:31:26.000+07:00,
1601,อำเภอเมืองลพบุรี,Amphoe Mueang Lop Buri,7,2019-08-09T03:33:09.000+07:00,2025-09-20T06:31:26.000+07:00,
1602,อำเภอพัฒนานิคม,Amphoe Phatthana Nikhom,7,2019-08-09T03:33:09.000+07:00,2025-09-20T06:31:26.000+07:00,
1603,อำเภอโคกสำโรง,Amphoe Khok Samrong,7,2019-08-09T03:33:09.000+07:00,2025-09-20T06:31:26.000+07:00,
1604,อำเภอชัยบาดาล,Amphoe Chai Badan,7,2019-08-09T03:33:09.000+07:00,2025-09-20T06:31:26.000+07:00,
1605,อำเภอท่าวุ้ง,Amphoe Tha Wung,7,2019-08-09T03:33:09.000+07:00,2025-09-20T06:31:26.000+07:00,
1606,อำเภอบ้านหมี่,Amphoe Ban Mi,7,2019-08-09T03:33:09.000+07:00,2025-09-20T06:31:26.000+07:00,
1607,อำเภอท่าหลวง,Amphoe Tha Luang,7,2019-08-09T03:33:09.000+07:00,2025-09-20T06:31:26.000+07:00,
1608,อำเภอสระโบสถ์,Amphoe Sa Bot,7,2019-08-09T03:33:09.000+07:00,2025-09-20T06:31:26.000+07:00,
1609,อำเภอโคกเจริญ,Amphoe Khok Charoen,7,2019-08-09T03:33:09.000+07:00,2025-09-20T06:31:26.000+07:00,
1610,อำเภอลำสนธิ,Amphoe Lam Sonthi,7,2019-08-09T03:33:09.000+07:00,2025-09-20T06:31:26.000+07:00,
1611,อำเภอหนองม่วง,Amphoe Nong Muang,7,2019-08-09T03:33:09.000+07:00,2025-09-20T06:31:26.000+07:00,
1701,อำเภอเมืองสิงห์บุรี,Amphoe Mueang Sing Buri,8,2019-08-09T03:33:09.000+07:00,2025-09-20T06:31:26.000+07:00,
1702,อำเภอบางระจัน,Amphoe Bang Rachan,8,2019-08-09T03:33:09.000+07:00,2025-09-20T06:31:26.000+07:00,
1703,อำเภอค่ายบางระจัน,Amphoe Khai Bang Rachan,8,2019-08-09T03:33:09.000+07:00,2025-09-20T06:31:26.000+07:00,
1704,อำเภอพรหมบุรี,Amphoe Phrom Buri,8,2019-08-09T03:33:09.000+07:00,2025-09-20T06:31:26.000+07:00,
1705,อำเภอท่าช้าง,Amphoe Tha Chang,8,2019-08-09T03:33:09.000+07:00,2025-09-20T06:31:26.000+07:00,
1706,อำเภออินทร์บุรี,Amphoe In Buri,8,2019-08-09T03:33:09.000+07:00,2025-09-20T06:31:26.000+07:00,
1801,อำเภอเมืองชัยนาท,Amphoe Mueang Chai Nat,9,2019-08-09T03:33:09.000+07:00,2025-09-20T06:31:26.000+07:00,
1802,อำเภอมโนรมย์,Amphoe Manorom,9,2019-08-09T03:33:09.000+07:00,2025-09-20T06:31:26.000+07:00,
1803,อำเภอวัดสิงห์,Amphoe Wat Sing,9,2019-08-09T03:33:09.000+07:00,2025-09-20T06:31:26.000+07:00,
1804,อำเภอสรรพยา,Amphoe Sapphaya,9,2019-08-09T03:33:09.000+07:00,2025-09-20T06:31:26.000+07:00,
1805,อำเภอสรรคบุรี,Amphoe Sankhaburi,9,2019-08-09T03:33:09.000+07:00,2025-09-20T06:31:26.000+07:00,
1806,อำเภอหันคา,Amphoe Hankha,9,2019-08-09T03:33:09.000+07:00,2025-09-20T06:31:26.000+07:00,
1807,อำเภอหนองมะโมง,Amphoe Nong Mamong,9,2019-08-09T03:33:09.000+07:00,2025-09-20T06:31:26.000+07:00,
1808,อำเภอเนินขาม,Amphoe Noen Kham,9,2019-08-09T03:33:09.000+07:00,2025-09-20T06:31:26.000+07:00,
1901,อำเภอเมืองสระบุรี,Amphoe Mueang Saraburi,10,2019-08-09T03:33:09.000+07:00,2025-09-20T06:31:26.000+07:00,
1902,อำเภอแก่งคอย,Amphoe Kaeng Khoi,10,2019-08-09T03:33:09.000+07:00,2025-09-20T06:31:26.000+07:00,
1903,อำเภอหนองแค,Amphoe Nong Khae,10,2019-08-09T03:33:09.000+07:00,2025-09-20T06:31:26.000+07:00,
1904,อำเภอวิหารแดง,Amphoe Wihan Daeng,10,2019-08-09T03:33:09.000+07:00,2025-09-20T06:31:26.000+07:00,
1905,อำเภอหนองแซง,Amphoe Nong Saeng,10,2019-08-09T03:33:09.000+07:00,2025-09-20T06:31:26.000+07:00,
1906,อำเภอบ้านหมอ,Amphoe Ban Mo,10,2019-08-09T03:33:09.000+07:00,2025-09-20T06:31:26.000+07:00,
1907,อำเภอดอนพุด,Amphoe Don Phut,10,2019-08-09T03:33:09.000+07:00,2025-09-20T06:31:26.000+07:00,
1908,อำเภอหนองโดน,Amphoe Nong Don,10,2019-08-09T03:33:09.000+07:00,2025-09-20T06:31:26.000+07:00,
1909,อำเภอพระพุทธบาท,Amphoe Phra Phutthabat,10,2019-08-09T03:33:09.000+07:00,2025-09-20T06:31:26.000+07:00,
1910,อำเภอเสาไห้,Amphoe Sao Hai,10,2019-08-09T03:33:09.000+07:00,2025-09-20T06:31:26.000+07:00,
1911,อำเภอมวกเหล็ก,Amphoe Muak Lek,10,2019-08-09T03:33:09.000+07:00,2025-09-20T06:31:26.000+07:00,
1912,อำเภอวังม่วง,Amphoe Wang Muang,10,2019-08-09T03:33:09.000+07:00,2025-09-20T06:31:26.000+07:00,
1913,อำเภอเฉลิมพระเกียรติ,Amphoe Chaloem Phra Kiat,10,2019-08-09T03:33:09.000+07:00,2025-09-20T06:31:26.000+07:00,
2001,อำเภอเมืองชลบุรี,Amphoe Mueang Chon Buri,11,2019-08-09T03:33:09.000+07:00,2025-09-20T06:31:26.000+07:00,
2002,อำเภอบ้านบึง,Amphoe Ban Bueng,11,2019-08-09T03:33:09.000+07:00,2025-09-20T06:31:26.000+07:00,
2003,อำเภอหนองใหญ่,Amphoe Nong Yai,11,2019-08-09T03:33:09.000+07:00,2025-09-20T06:31:26.000+07:00,
2004,อำเภอบางละมุง,Amphoe Bang Lamung,11,2019-08-09T03:33:09.000+07:00,2025-09-20T06:31:26.000+07:00,
2005,อำเภอพานทอง,Amphoe Phan Thong,11,2019-08-09T03:33:09.000+07:00,2025-09-20T06:31:26.000+07:00,
2006,อำเภอพนัสนิคม,Amphoe Phanat Nikhom,11,2019-08-09T03:33:09.000+07:00,2025-09-20T06:31:26.000+07:00,
2007,อำเภอศรีราชา,Amphoe Si Racha,11,2019-08-09T03:33:09.000+07:00,2025-09-20T06:31:26.000+07:00,
2008,อำเภอเกาะสีชัง,Amphoe Ko Sichang,11,2019-08-09T03:33:09.000+07:00,2025-09-20T06:31:26.000+07:00,
2009,อำเภอสัตหีบ,Amphoe Sattahip,11,2019-08-09T03:33:09.000+07:00,2025-09-20T06:31:26.000+07:00,
2010,อำเภอบ่อทอง,Amphoe Bo Thong,11,2019-08-09T03:33:09.000+07:00,2025-09-20T06:31:26.000+07:00,
2011,อำเภอเกาะจันทร์,Amphoe Ko Chan,11,2019-08-09T03:33:09.000+07:00,2025-09-20T06:31:26.000+07:00,
2101,อำเภอเมืองระยอง,Amphoe Mueang Rayong,12,2019-08-09T03:33:09.000+07:00,2025-09-20T06:31:26.000+07:00,
2102,อำเภอบ้านฉาง,Amphoe Ban Chang,12,2019-08-09T03:33:09.000+07:00,2025-09-20T06:31:26.000+07:00,
2103,อำเภอแกลง,Amphoe Klaeng,12,2019-08-09T03:33:09.000+07:00,2025-09-20T06:31:26.000+07:00,
2104,อำเภอวังจันทร์,Amphoe Wang Chan,12,2019-08-09T03:33:09.000+07:00,2025-09-20T06:31:26.000+07:00,
2105,อำเภอบ้านค่าย,Amphoe Ban Khai,12,2019-08-09T03:33:09.000+07:00,2025-09-20T06:31:26.000+07:00,
2106,อำเภอปลวกแดง,Amphoe Pluak Daeng,12,2019-08-09T03:33:09.000+07:00,2025-09-20T06:31:26.000+07:00,
2107,อำเภอเขาชะเมา,Amphoe Khao Chamao,12,2019-08-09T03:33:09.000+07:00,2025-09-20T06:31:26.000+07:00,
2108,อำเภอนิคมพัฒนา,Amphoe Nikhom Phatthana,12,2019-08-09T03:33:09.000+07:00,2025-09-20T06:31:26.000+07:00,
2201,อำเภอเมืองจันทบุรี,Amphoe Mueang Chanthaburi,13,2019-08-09T03:33:09.000+07:00,2025-09-20T06:31:26.000+07:00,
2202,อำเภอขลุง,Amphoe Khlung,13,2019-08-09T03:33:09.000+07:00,2025-09-20T06:31:26.000+07:00,
2203,อำเภอท่าใหม่,Amphoe Tha Mai,13,2019-08-09T03:33:09.000+07:00,2025-09-20T06:31:26.000+07:00,
2204,อำเภอโป่งน้ำร้อน,Amphoe Pong Nam Ron,13,2019-08-09T03:33:09.000+07:00,2025-09-20T06:31:26.000+07:00,
2205,อำเภอมะขาม,Amphoe Makham,13,2019-08-09T03:33:09.000+07:00,2025-09-20T06:31:26.000+07:00,
2206,อำเภอแหลมสิงห์,Amphoe Laem Sing,13,2019-08-09T03:33:09.000+07:00,2025-09-20T06:31:26.000+07:00,
2207,อำเภอสอยดาว,Amphoe Soi Dao,13,2019-08-09T03:33:09.000+07:00,2025-09-20T06:31:26.000+07:00,
2208,อำเภอแก่งหางแมว,Amphoe Kaeng Hang Maeo,13,2019-08-09T03:33:09.000+07:00,2025-09-20T06:31:26.000+07:00,
2209,อำเภอนายายอาม,Amphoe Na Yai Am,13,2019-08-09T03:33:09.000+07:00,2025-09-20T06:31:26.000+07:00,
2210,อำเภอเขาคิชฌกูฏ,Amphoe Khoa Khitchakut,13,2019-08-09T03:33:09.000+07:00,2025-09-20T06:31:26.000+07:00,
2301,อำเภอเมืองตราด,Amphoe Mueang Trat,14,2019-08-09T03:33:09.000+07:00,2025-09-20T06:31:26.000+07:00,
2302,อำเภอคลองใหญ่,Amphoe Khlong Yai,14,2019-08-09T03:33:09.000+07:00,2025-09-20T06:31:26.000+07:00,
2303,อำเภอเขาสมิง,Amphoe Khao Saming,14,2019-08-09T03:33:09.000+07:00,2025-09-20T06:31:26.000+07:00,
2304,อำเภอบ่อไร่,Amphoe Bo Rai,14,2019-08-09T03:33:09.000+07:00,2025-09-20T06:31:26.000+07:00,
2305,อำเภอแหลมงอบ,Amphoe Laem Ngop,14,2019-08-09T03:33:09.000+07:00,2025-09-20T06:31:26.000+07:00,
2306,อำเภอเกาะกูด,Amphoe Ko Kut,14,2019-08-09T03:33:09.000+07:00,2025-09-20T06:31:26.000+07:00,
2307,อำเภอเกาะช้าง,Amphoe Ko Chang,14,2019-08-09T03:33:09.000+07:00,2025-09-20T06:31:26.000+07:00,
2401,อำเภอเมืองฉะเชิงเทรา,Amphoe Mueang Chachoengsao,15,2019-08-09T03:33:09.000+07:00,2025-09-20T06:31:26.000+07:00,
2402,อำเภอบางคล้า,Amphoe Bang Khla,15,2019-08-09T03:33:09.000+07:00,2025-09-20T06:31:26.000+07:00,
2403,อำเภอบางน้ำเปรี้ยว,Amphoe Bang Nam Priao,15,2019-08-09T03:33:09.000+07:00,2025-09-20T06:31:26.000+07:00,
2404,อำเภอบางปะกง,Amphoe Bang Pakong,15,2019-08-09T03:33:09.000+07:00,2025-09-20T06:31:26.000+07:00,
2405,อำเภอบ้านโพธิ์,Amphoe Ban Pho,15,2019-08-09T03:33:09.000+07:00,2025-09-20T06:31:26.000+07:00,
2406,อำเภอพนมสารคาม,Amphoe Phanom Sarakham,15,2019-08-09T03:33:09.000+07:00,2025-09-20T06:31:26.000+07:00,
2407,อำเภอราชสาส์น,Amphoe Ratchasan,15,2019-08-09T03:33:09.000+07:00,2025-09-20T06:31:26.000+07:00,
2408,อำเภอสนามชัยเขต,Amphoe Sanam Chai Khet,15,2019-08-09T03:33:09.000+07:00,2025-09-20T06:31:26.000+07:00,
2409,อำเภอแปลงยาว,Amphoe Plaeng Yao,15,2019-08-09T03:33:09.000+07:00,2025-09-20T06:31:26.000+07:00,
2410,อำเภอท่าตะเกียบ,Amphoe Tha Takiap,15,2019-08-09T03:33:09.000+07:00,2025-09-20T06:31:26.000+07:00,
2411,อำเภอคลองเขื่อน,Amphoe Khlong Khuean,15,2019-08-09T03:33:09.000+07:00,2025-09-20T06:31:26.000+07:00,
2501,อำเภอเมืองปราจีนบุรี,Amphoe Mueang Prachin Buri,16,2019-08-09T03:33:09.000+07:00,2025-09-20T06:31:26.000+07:00,
2502,อำเภอกบินทร์บุรี,Amphoe Kabin Buri,16,2019-08-09T03:33:09.000+07:00,2025-09-20T06:31:26.000+07:00,
2503,อำเภอนาดี,Amphoe Na Di,16,2019-08-09T03:33:09.000+07:00,2025-09-20T06:31:26.000+07:00,
2506,อำเภอบ้านสร้าง,Amphoe Ban Sang,16,2019-08-09T03:33:09.000+07:00,2025-09-20T06:31:26.000+07:00,
2507,อำเภอประจันตคาม,Amphoe Prachantakham,16,2019-08-09T03:33:09.000+07:00,2025-09-20T06:31:26.000+07:00,
2508,อำเภอศรีมหาโพธิ,Amphoe Si Maha Phot,16,2019-08-09T03:33:09.000+07:00,2025-09-20T06:31:26.000+07:00,
2509,อำเภอศรีมโหสถ,Amphoe Si Mahosot,16,2019-08-09T03:33:09.000+07:00,2025-09-20T06:31:26.000+07:00,
2601,อำเภอเมืองนครนายก,Amphoe Mueang Nakhon Nayok,17,2019-08-09T03:33:09.000+07:00,2025-09-20T06:31:26.000+07:00,
2602,อำเภอปากพลี,Amphoe Pak Phli,17,2019-08-09T03:33:09.000+07:00,2025-09-20T06:31:26.000+07:00,
2603,อำเภอบ้านนา,Amphoe Ban Na,17,2019-08-09T03:33:09.000+07:00,2025-09-20T06:31:26.000+07:00,
2604,อำเภอองครักษ์,Amphoe Ongkharak,17,2019-08-09T03:33:09.000+07:00,2025-09-20T06:31:26.000+07:00,
2701,อำเภอเมืองสระแก้ว,Amphoe Mueang Sa Kaeo,18,2019-08-09T03:33:09.000+07:00,2025-09-20T06:31:26.000+07:00,
2702,อำเภอคลองหาด,Amphoe Khlong Hat,18,2019-08-09T03:33:09.000+07:00,2025-09-20T06:31:26.000+07:00,
2703,อำเภอตาพระยา,Amphoe Ta Phraya,18,2019-08-09T03:33:09.000+07:00,2025-09-20T06:31:26.000+07:00,
2704,อำเภอวังน้ำเย็น,Amphoe Wang Nam Yen,18,2019-08-09T03:33:09.000+07:00,2025-09-20T06:31:26.000+07:00,
2705,อำเภอวัฒนานคร,Amphoe Watthana Nakhon,18,2019-08-09T03:33:09.000+07:00,2025-09-20T06:31:26.000+07:00,
2706,อำเภออรัญประเทศ,Amphoe Aranyaprathet,18,2019-08-09T03:33:09.000+07:00,2025-09-20T06:31:26.000+07:00,
2707,อำเภอเขาฉกรรจ์,Amphoe Khao Chakan,18,2019-08-09T03:33:09.000+07:00,2025-09-20T06:31:26.000+07:00,
2708,อำเภอโคกสูง,Amphoe Khok Sung,18,2019-08-09T03:33:09.000+07:00,2025-09-20T06:31:26.000+07:00,
2709,อำเภอวังสมบูรณ์,Amphoe Wang Sombun,18,2019-08-09T03:33:09.000+07:00,2025-09-20T06:31:26.000+07:00,
3001,อำเภอเมืองนครราชสีมา,Amphoe Mueang Nakhon Ratchasima,19,2019-08-09T03:33:09.000+07:00,2025-09-20T06:31:26.000+07:00,
3002,อำเภอครบุรี,Amphoe Khon Buri,19,2019-08-09T03:33:09.000+07:00,2025-09-20T06:31:26.000+07:00,
3003,อำเภอเสิงสาง,Amphoe Soeng Sang,19,2019-08-09T03:33:09.000+07:00,2025-09-20T06:31:26.000+07:00,
3004,อำเภอคง,Amphoe Khong,19,2019-08-09T03:33:09.000+07:00,2025-09-20T06:31:26.000+07:00,
3005,อำเภอบ้านเหลื่อม,Amphoe Ban Lueam,19,2019-08-09T03:33:09.000+07:00,2025-09-20T06:31:26.000+07:00,
3006,อำเภอจักราช,Amphoe Chakkarat,19,2019-08-09T03:33:09.000+07:00,2025-09-20T06:31:26.000+07:00,
3007,อำเภอโชคชัย,Amphoe Chok Chai,19,2019-08-09T03:33:09.000+07:00,2025-09-20T06:31:26.000+07:00,
3008,อำเภอด่านขุนทด,Amphoe Dan Khun Thot,19,2019-08-09T03:33:09.000+07:00,2025-09-20T06:31:26.000+07:00,
3009,อำเภอโนนไทย,Amphoe Non Thai,19,2019-08-09T03:33:09.000+07:00,2025-09-20T06:31:26.000+07:00,
3010,อำเภอโนนสูง,Amphoe Non Sung,19,2019-08-09T03:33:09.000+07:00,2025-09-20T06:31:26.000+07:00,
3011,อำเภอขามสะแกแสง,Amphoe Kham Sakaesaeng,19,2019-08-09T03:33:09.000+07:00,2025-09-20T06:31:26.000+07:00,
3012,อำเภอบัวใหญ่,Amphoe Bua Yai,19,2019-08-09T03:33:09.000+07:00,2025-09-20T06:31:26.000+07:00,
3013,อำเภอประทาย,Amphoe Prathai,19,2019-08-09T03:33:09.000+07:00,2025-09-20T06:31:26.000+07:00,
3014,อำเภอปักธงชัย,Amphoe Pak Thong Chai,19,2019-08-09T03:33:09.000+07:00,2025-09-20T06:31:26.000+07:00,
3015,อำเภอพิมาย,Amphoe Phimai,19,2019-08-09T03:33:09.000+07:00,2025-09-20T06:31:26.000+07:00,
3016,อำเภอห้วยแถลง,Amphoe Huai Thalaeng,19,2019-08-09T03:33:09.000+07:00,2025-09-20T06:31:26.000+07:00,
3017,อำเภอชุมพวง,Amphoe Chum Phuang,19,2019-08-09T03:33:09.000+07:00,2025-09-20T06:31:26.000+07:00,
3018,อำเภอสูงเนิน,Amphoe Sung Noen,19,2019-08-09T03:33:09.000+07:00,2025-09-20T06:31:26.000+07:00,
3019,อำเภอขามทะเลสอ,Amphoe Kham Thale So,19,2019-08-09T03:33:09.000+07:00,2025-09-20T06:31:26.000+07:00,
3020,อำเภอสีคิ้ว,Amphoe Sikhio,19,2019-08-09T03:33:09.000+07:00,2025-09-20T06:31:26.000+07:00,
3021,อำเภอปากช่อง,Amphoe Pak Chong,19,2019-08-09T03:33:09.000+07:00,2025-09-20T06:31:26.000+07:00,
3022,อำเภอหนองบุญมาก,Amphoe Nong Bunnak,19,2019-08-09T03:33:09.000+07:00,2025-09-20T06:31:26.000+07:00,
3023,อำเภอแก้งสนามนาง,Amphoe Kaeng Sanam Nang,19,2019-08-09T03:33:09.000+07:00,2025-09-20T06:31:26.000+07:00,
3024,อำเภอโนนแดง,Amphoe Non Daeng,19,2019-08-09T03:33:09.000+07:00,2025-09-20T06:31:26.000+07:00,
3025,อำเภอวังน้ำเขียว,Amphoe Wang Nam Khiao,19,2019-08-09T03:33:09.000+07:00,2025-09-20T06:31:26.000+07:00,
3026,อำเภอเทพารักษ์,Amphoe Thepharak,19,2019-08-09T03:33:09.000+07:00,2025-09-20T06:31:26.000+07:00,
3027,อำเภอเมืองยาง,Amphoe Mueang Yang,19,2019-08-09T03:33:09.000+07:00,2025-09-20T06:31:26.000+07:00,
3028,อำเภอพระทองคำ,Amphoe Phra Thong Kham,19,2019-08-09T03:33:09.000+07:00,2025-09-20T06:31:26.000+07:00,
3029,อำเภอลำทะเมนชัย,Amphoe Lam Thamenchai,19,2019-08-09T03:33:09.000+07:00,2025-09-20T06:31:26.000+07:00,
3030,อำเภอบัวลาย,Amphoe Bua Lai,19,2019-08-09T03:33:09.000+07:00,2025-09-20T06:31:26.000+07:00,
3031,อำเภอสีดา,Amphoe Sida,19,2019-08-09T03:33:09.000+07:00,2025-09-20T06:31:26.000+07:00,
3032,อำเภอเฉลิมพระเกียรติ,Amphoe Chaloem Phra Kiat,19,2019-08-09T03:33:09.000+07:00,2025-09-20T06:31:26.000+07:00,
3101,อำเภอเมืองบุรีรัมย์,Amphoe Mueang Buri Ram,20,2019-08-09T03:33:09.000+07:00,2025-09-20T06:31:26.000+07:00,
3102,อำเภอคูเมือง,Amphoe Khu Mueang,20,2019-08-09T03:33:09.000+07:00,2025-09-20T06:31:26.000+07:00,
3103,อำเภอกระสัง,Amphoe Krasang,20,2019-08-09T03:33:09.000+07:00,2025-09-20T06:31:26.000+07:00,
3104,อำเภอนางรอง,Amphoe Nang Rong,20,2019-08-09T03:33:09.000+07:00,2025-09-20T06:31:26.000+07:00,
3105,อำเภอหนองกี่,Amphoe Nong Ki,20,2019-08-09T03:33:09.000+07:00,2025-09-20T06:31:26.000+07:00,
3106,อำเภอละหานทราย,Amphoe Lahan Sai,20,2019-08-09T03:33:09.000+07:00,2025-09-20T06:31:26.000+07:00,
3107,อำเภอประโคนชัย,Amphoe Prakhon Chai,20,2019-08-09T03:33:09.000+07:00,2025-09-20T06:31:26.000+07:00,
3108,อำเภอบ้านกรวด,Amphoe Ban Kruat,20,2019-08-09T03:33:09.000+07:00,2025-09-20T06:31:26.000+07:00,
3109,อำเภอพุทไธสง,Amphoe Phutthaisong,20,2019-08-09T03:33:09.000+07:00,2025-09-20T06:31:26.000+07:00,
3110,อำเภอลำปลายมาศ,Amphoe Lam Plai Mat,20,2019-08-09T03:33:09.000+07:00,2025-09-20T06:31:26.000+07:00,
3111,อำเภอสตึก,Amphoe Satuek,20,2019-08-09T03:33:09.000+07:00,2025-09-20T06:31:26.000+07:00,
3112,อำเภอปะคำ,Amphoe Pakham,20,2019-08-09T03:33:09.000+07:00,2025-09-20T06:31:26.000+07:00,
3113,อำเภอนาโพธิ์,Amphoe Na Pho,20,2019-08-09T03:33:09.000+07:00,2025-09-20T06:31:26.000+07:00,
3114,อำเภอหนองหงส์,Amphoe Nong Hong,20,2019-08-09T03:33:09.000+07:00,2025-09-20T06:31:26.000+07:00,
3115,อำเภอพลับพลาชัย,Amphoe Phlapphla Chai,20,2019-08-09T03:33:09.000+07:00,2025-09-20T06:31:26.000+07:00,
3116,อำเภอห้วยราช,Amphoe Huai Rat,20,2019-08-09T03:33:09.000+07:00,2025-09-20T06:31:26.000+07:00,
3117,อำเภอโนนสุวรรณ,Amphoe Non Suwan,20,2019-08-09T03:33:09.000+07:00,2025-09-20T06:31:26.000+07:00,
3118,อำเภอชำนิ,Amphoe Chamni,20,2019-08-09T03:33:09.000+07:00,2025-09-20T06:31:26.000+07:00,
3119,อำเภอบ้านใหม่ไชยพจน์,Amphoe Ban Mai Chaiyaphot,20,2019-08-09T03:33:09.000+07:00,2025-09-20T06:31:26.000+07:00,
3120,อำเภอโนนดินแดง,Amphoe Din Daeng,20,2019-08-09T03:33:09.000+07:00,2025-09-20T06:31:26.000+07:00,
3121,อำเภอบ้านด่าน,Amphoe Ban Dan,20,2019-08-09T03:33:09.000+07:00,2025-09-20T06:31:26.000+07:00,
3122,อำเภอแคนดง,Amphoe Khaen Dong,20,2019-08-09T03:33:09.000+07:00,2025-09-20T06:31:26.000+07:00,
3123,อำเภอเฉลิมพระเกียรติ,Amphoe Chaloem Phra Kiat,20,2019-08-09T03:33:09.000+07:00,2025-09-20T06:31:26.000+07:00,
3201,อำเภอเมืองสุรินทร์,Amphoe Mueang Surin,21,2019-08-09T03:33:09.000+07:00,2025-09-20T06:31:26.000+07:00,
3202,อำเภอชุมพลบุรี,Amphoe Chumphon Buri,21,2019-08-09T03:33:09.000+07:00,2025-09-20T06:31:26.000+07:00,
3203,อำเภอท่าตูม,Amphoe Tha Tum,21,2019-08-09T03:33:09.000+07:00,2025-09-20T06:31:26.000+07:00,
3204,อำเภอจอมพระ,Amphoe Chom Phra,21,2019-08-09T03:33:09.000+07:00,2025-09-20T06:31:26.000+07:00,
3205,อำเภอปราสาท,Amphoe Prasat,21,2019-08-09T03:33:09.000+07:00,2025-09-20T06:31:26.000+07:00,
3206,อำเภอกาบเชิง,Amphoe Kap Choeng,21,2019-08-09T03:33:09.000+07:00,2025-09-20T06:31:26.000+07:00,
3207,อำเภอรัตนบุรี,Amphoe Rattanaburi,21,2019-08-09T03:33:09.000+07:00,2025-09-20T06:31:26.000+07:00,
3208,อำเภอสนม,Amphoe Sanom,21,2019-08-09T03:33:09.000+07:00,2025-09-20T06:31:26.000+07:00,
3209,อำเภอศีขรภูมิ,Amphoe Sikhoraphum,21,2019-08-09T03:33:09.000+07:00,2025-09-20T06:31:26.000+07:00,
3210,อำเภอสังขะ,Amphoe Sangkha,21,2019-08-09T03:33:09.000+07:00,2025-09-20T06:31:26.000+07:00,
3211,อำเภอลำดวน,Amphoe Lamduan,21,2019-08-09T03:33:09.000+07:00,2025-09-20T06:31:26.000+07:00,
3212,อำเภอสำโรงทาบ,Amphoe Samrong Thap,21,2019-08-09T03:33:09.000+07:00,2025-09-20T06:31:26.000+07:00,
3213,อำเภอบัวเชด,Amphoe Buachet,21,2019-08-09T03:33:09.000+07:00,2025-09-20T06:31:26.000+07:00,
3214,อำเภอพนมดงรัก,Amphoe Phanom Dong Rak,21,2019-08-09T03:33:09.000+07:00,2025-09-20T06:31:26.000+07:00,
3215,อำเภอศรีณรงค์,Amphoe Si Narong,21,2019-08-09T03:33:09.000+07:00,2025-09-20T06:31:26.000+07:00,
3216,อำเภอเขวาสินรินทร์,Amphoe Khwao Sinarin,21,2019-08-09T03:33:09.000+07:00,2025-09-20T06:31:26.000+07:00,
3217,อำเภอโนนนารายณ์,Amphoe Non Narai,21,2019-08-09T03:33:09.000+07:00,2025-09-20T06:31:26.000+07:00,
3301,อำเภอเมืองศรีสะเกษ,Amphoe Mueang Si Sa Ket,22,2019-08-09T03:33:09.000+07:00,2025-09-20T06:31:26.000+07:00,
3302,อำเภอยางชุมน้อย,Amphoe Yang Chum Noi,22,2019-08-09T03:33:09.000+07:00,2025-09-20T06:31:26.000+07:00,
3303,อำเภอกันทรารมย์,Amphoe Kanthararom,22,2019-08-09T03:33:09.000+07:00,2025-09-20T06:31:26.000+07:00,
3304,อำเภอกันทรลักษ์,Amphoe Kantharalak,22,2019-08-09T03:33:09.000+07:00,2025-09-20T06:31:26.000+07:00,
3305,อำเภอขุขันธ์,Amphoe Khukhan,22,2019-08-09T03:33:09.000+07:00,2025-09-20T06:31:26.000+07:00,
3306,อำเภอไพรบึง,Amphoe Phrai Bueng,22,2019-08-09T03:33:09.000+07:00,2025-09-20T06:31:26.000+07:00,
3307,อำเภอปรางค์กู่,Amphoe Prang Ku,22,2019-08-09T03:33:09.000+07:00,2025-09-20T06:31:26.000+07:00,
3308,อำเภอขุนหาญ,Amphoe Khun Han,22,2019-08-09T03:33:09.000+07:00,2025-09-20T06:31:26.000+07:00,
3309,อำเภอราษีไศล,Amphoe Rasi Salai,22,2019-08-09T03:33:09.000+07:00,2025-09-20T06:31:26.000+07:00,
3310,อำเภออุทุมพรพิสัย,Amphoe Uthumphon Phisai,22,2019-08-09T03:33:09.000+07:00,2025-09-20T06:31:26.000+07:00,
3311,อำเภอบึงบูรพ์,Amphoe Bueng Bun,22,2019-08-09T03:33:09.000+07:00,2025-09-20T06:31:26.000+07:00,
3312,อำเภอห้วยทับทัน,Amphoe Huai Thap Than,22,2019-08-09T03:33:09.000+07:00,2025-09-20T06:31:26.000+07:00,
3313,อำเภอโนนคูณ,Amphoe Non Khun,22,2019-08-09T03:33:09.000+07:00,2025-09-20T06:31:26.000+07:00,
3314,อำเภอศรีรัตนะ,Amphoe Si Rattana,22,2019-08-09T03:33:09.000+07:00,2025-09-20T06:31:26.000+07:00,
3315,อำเภอน้ำเกลี้ยง,Amphoe Nam Kliang,22,2019-08-09T03:33:09.000+07:00,2025-09-20T06:31:26.000+07:00,
3316,อำเภอวังหิน,Amphoe Wang Hin,22,2019-08-09T03:33:09.000+07:00,2025-09-20T06:31:26.000+07:00,
3317,อำเภอภูสิงห์,Amphoe Phu Sing,22,2019-08-09T03:33:09.000+07:00,2025-09-20T06:31:26.000+07:00,
3318,อำเภอเมืองจันทร์,Amphoe Mueang Chan,22,2019-08-09T03:33:09.000+07:00,2025-09-20T06:31:26.000+07:00,
3319,อำเภอเบญจลักษ์,Amphoe Benchalak,22,2019-08-09T03:33:09.000+07:00,2025-09-20T06:31:26.000+07:00,
3320,อำเภอพยุห์,Amphoe Phayu,22,2019-08-09T03:33:09.000+07:00,2025-09-20T06:31:26.000+07:00,
3321,อำเภอโพธิ์ศรีสุวรรณ,Amphoe Pho Si Suwan,22,2019-08-09T03:33:09.000+07:00,2025-09-20T06:31:26.000+07:00,
3322,อำเภอศิลาลาด,Amphoe Sila Lat,22,2019-08-09T03:33:09.000+07:00,2025-09-20T06:31:26.000+07:00,
3401,อำเภอเมืองอุบลราชธานี,Amphoe Mueang Ubon Ratchathani,23,2019-08-09T03:33:09.000+07:00,2025-09-20T06:31:26.000+07:00,
3402,อำเภอศรีเมืองใหม่,Amphoe Si Mueang Mai,23,2019-08-09T03:33:09.000+07:00,2025-09-20T06:31:26.000+07:00,
3403,อำเภอโขงเจียม,Amphoe Khong Chiam,23,2019-08-09T03:33:09.000+07:00,2025-09-20T06:31:26.000+07:00,
3404,อำเภอเขื่องใน,Amphoe Khueang Nai,23,2019-08-09T03:33:09.000+07:00,2025-09-20T06:31:26.000+07:00,
3405,อำเภอเขมราฐ,Amphoe Khemarat,23,2019-08-09T03:33:09.000+07:00,2025-09-20T06:31:26.000+07:00,
3407,อำเภอเดชอุดม,Amphoe Det Udom,23,2019-08-09T03:33:09.000+07:00,2025-09-20T06:31:26.000+07:00,
3408,อำเภอนาจะหลวย,Amphoe Na Chaluai,23,2019-08-09T03:33:09.000+07:00,2025-09-20T06:31:26.000+07:00,
3409,อำเภอน้ำยืน,Amphoe Nam Yuen,23,2019-08-09T03:33:09.000+07:00,2025-09-20T06:31:26.000+07:00,
3410,อำเภอบุณฑริก,Amphoe Buntharik,23,2019-08-09T03:33:09.000+07:00,2025-09-20T06:31:26.000+07:00,
3411,อำเภอตระการพืชผล,Amphoe Trakan Phuet Phon,23,2019-08-09T03:33:09.000+07:00,2025-09-20T06:31:26.000+07:00,
3412,อำเภอกุดข้าวปุ้น,Amphoe Kut Khaopun,23,2019-08-09T03:33:09.000+07:00,2025-09-20T06:31:26.000+07:00,
3414,อำเภอม่วงสามสิบ,Amphoe Muang Sam Sip,23,2019-08-09T03:33:09.000+07:00,2025-09-20T06:31:26.000+07:00,
3415,อำเภอวารินชำราบ,Amphoe Warin Chamrap,23,2019-08-09T03:33:09.000+07:00,2025-09-20T06:31:26.000+07:00,
3419,อำเภอพิบูลมังสาหาร,Amphoe Phibun Mangsahan,23,2019-08-09T03:33:09.000+07:00,2025-09-20T06:31:26.000+07:00,
3420,อำเภอตาลสุม,Amphoe Tan Sum,23,2019-08-09T03:33:09.000+07:00,2025-09-20T06:31:26.000+07:00,
3421,อำเภอโพธิ์ไทร,Amphoe Pho Sai,23,2019-08-09T03:33:09.000+07:00,2025-09-20T06:31:26.000+07:00,
3422,อำเภอสำโรง,Amphoe Samrong,23,2019-08-09T03:33:09.000+07:00,2025-09-20T06:31:26.000+07:00,
3424,อำเภอดอนมดแดง,Amphoe Don Mot Daeng,23,2019-08-09T03:33:09.000+07:00,2025-09-20T06:31:26.000+07:00,
3425,อำเภอสิรินธร,Amphoe Sirindhorn,23,2019-08-09T03:33:09.000+07:00,2025-09-20T06:31:26.000+07:00,
3426,อำเภอทุ่งศรีอุดม,Amphoe Thung Si Udom,23,2019-08-09T03:33:09.000+07:00,2025-09-20T06:31:26.000+07:00,
3429,อำเภอนาเยีย,Amphoe Na Yia,23,2019-08-09T03:33:09.000+07:00,2025-09-20T06:31:26.000+07:00,
3430,อำเภอนาตาล,Amphoe Na Tan,23,2019-08-09T03:33:09.000+07:00,2025-09-20T06:31:26.000+07:00,
3431,อำเภอเหล่าเสือโก้ก,Amphoe Lao Suea Kok,23,2019-08-09T03:33:09.000+07:00,2025-09-20T06:31:26.000+07:00,
3432,อำเภอสว่างวีระวงศ์,Amphoe Sawang Wirawong,23,2019-08-09T03:33:09.000+07:00,2025-09-20T06:31:26.000+07:00,
3433,อำเภอน้ำขุ่น,Amphoe Nam Khun,23,2019-08-09T03:33:09.000+07:00,2025-09-20T06:31:26.000+07:00,
3501,อำเภอเมืองยโสธร,Amphoe Mueang Yasothon,24,2019-08-09T03:33:09.000+07:00,2025-09-20T06:31:26.000+07:00,
3502,อำเภอทรายมูล,Amphoe Sai Mun,24,2019-08-09T03:33:09.000+07:00,2025-09-20T06:31:26.000+07:00,
3503,อำเภอกุดชุม,Amphoe Kut Chum,24,2019-08-09T03:33:09.000+07:00,2025-09-20T06:31:26.000+07:00,
3504,อำเภอคำเขื่อนแก้ว,Amphoe Kham Khuean Kaeo,24,2019-08-09T03:33:09.000+07:00,2025-09-20T06:31:26.000+07:00,
3505,อำเภอป่าติ้ว,Amphoe Pa Tio,24,2019-08-09T03:33:09.000+07:00,2025-09-20T06:31:26.000+07:00,
3506,อำเภอมหาชนะชัย,Amphoe Maha Chana Chai,24,2019-08-09T03:33:09.000+07:00,2025-09-20T06:31:26.000+07:00,
3507,อำเภอค้อวัง,Amphoe Kho Wang,24,2019-08-09T03:33:09.000+07:00,2025-09-20T06:31:26.000+07:00,
3508,อำเภอเลิงนกทา,Amphoe Loeng Nok Tha,24,2019-08-09T03:33:09.000+07:00,2025-09-20T06:31:26.000+07:00,
3509,อำเภอไทยเจริญ,Amphoe Thai Charoen,24,2019-08-09T03:33:09.000+07:00,2025-09-20T06:31:26.000+07:00,
3601,อำเภอเมืองชัยภูมิ,Amphoe Mueang Chaiyaphum,25,2019-08-09T03:33:09.000+07:00,2025-09-20T06:31:26.000+07:00,
3602,อำเภอบ้านเขว้า,Amphoe Ban Khwao,25,2019-08-09T03:33:09.000+07:00,2025-09-20T06:31:26.000+07:00,
3603,อำเภอคอนสวรรค์,Amphoe Khon Sawan,25,2019-08-09T03:33:09.000+07:00,2025-09-20T06:31:26.000+07:00,
3604,อำเภอเกษตรสมบูรณ์,Amphoe Kaset Sombun,25,2019-08-09T03:33:09.000+07:00,2025-09-20T06:31:26.000+07:00,
3605,อำเภอหนองบัวแดง,Amphoe Nong Bua Daeng,25,2019-08-09T03:33:09.000+07:00,2025-09-20T06:31:26.000+07:00,
3606,อำเภอจัตุรัส,Amphoe Chatturat,25,2019-08-09T03:33:09.000+07:00,2025-09-20T06:31:26.000+07:00,
3607,อำเภอบำเหน็จณรงค์,Amphoe Bamnet Narong,25,2019-08-09T03:33:09.000+07:00,2025-09-20T06:31:26.000+07:00,
3608,อำเภอหนองบัวระเหว,Amphoe Nong Bua Rawe,25,2019-08-09T03:33:09.000+07:00,2025-09-20T06:31:26.000+07:00,
3609,อำเภอเทพสถิต,Amphoe Thep Sathit,25,2019-08-09T03:33:09.000+07:00,2025-09-20T06:31:26.000+07:00,
3610,อำเภอภูเขียว,Amphoe Phu Khiao,25,2019-08-09T03:33:09.000+07:00,2025-09-20T06:31:26.000+07:00,
3611,อำเภอบ้านแท่น,Amphoe Ban Thaen,25,2019-08-09T03:33:09.000+07:00,2025-09-20T06:31:26.000+07:00,
3612,อำเภอแก้งคร้อ,Amphoe Kaeng Khro,25,2019-08-09T03:33:09.000+07:00,2025-09-20T06:31:26.000+07:00,
3613,อำเภอคอนสาร,Amphoe Khon San,25,2019-08-09T03:33:09.000+07:00,2025-09-20T06:31:26.000+07:00,
3614,อำเภอภักดีชุมพล,Amphoe Phakdi Chumphon,25,2019-08-09T03:33:09.000+07:00,2025-09-20T06:31:26.000+07:00,
3615,อำเภอเนินสง่า,Amphoe Noen Sa-nga,25,2019-08-09T03:33:09.000+07:00,2025-09-20T06:31:26.000+07:00,
3616,อำเภอซับใหญ่,Amphoe Sap Yai,25,2019-08-09T03:33:09.000+07:00,2025-09-20T06:31:26.000+07:00,
3701,อำเภอเมืองอำนาจเจริญ,Amphoe Mueang Amnat Charoen,26,2019-08-09T03:33:09.000+07:00,2025-09-20T06:31:26.000+07:00,
3702,อำเภอชานุมาน,Amphoe Chanuman,26,2019-08-09T03:33:09.000+07:00,2025-09-20T06:31:26.000+07:00,
3703,อำเภอปทุมราชวงศา,Amphoe Pathum Ratchawongsa,26,2019-08-09T03:33:09.000+07:00,2025-09-20T06:31:26.000+07:00,
3704,อำเภอพนา,Amphoe Phana,26,2019-08-09T03:33:09.000+07:00,2025-09-20T06:31:26.000+07:00,
3705,อำเภอเสนางคนิคม,Amphoe Senangkhanikhom,26,2019-08-09T03:33:09.000+07:00,2025-09-20T06:31:26.000+07:00,
3706,อำเภอหัวตะพาน,Amphoe Hua Taphan,26,2019-08-09T03:33:09.000+07:00,2025-09-20T06:31:26.000+07:00,
3707,อำเภอลืออำนาจ,Amphoe Lue Amnat,26,2019-08-09T03:33:09.000+07:00,2025-09-20T06:31:26.000+07:00,
3801,อำเภอเมืองบึงกาฬ,Amphoe Mueang Bueng Kan,77,2019-08-09T03:33:09.000+07:00,2025-09-20T06:31:26.000+07:00,
3802,อำเภอเซกา,Amphoe Seka,77,2019-08-09T03:33:09.000+07:00,2025-09-20T06:31:26.000+07:00,
3803,อำเภอโซ่พิสัย,Amphoe So Phisai,77,2019-08-09T03:33:09.000+07:00,2025-09-20T06:31:26.000+07:00,
3804,อำเภอพรเจริญ,Amphoe Phon Charoen,77,2019-08-09T03:33:09.000+07:00,2025-09-20T06:31:26.000+07:00,
3805,อำเภอศรีวิไล,Amphoe Si Wilai,77,2019-08-09T03:33:09.000+07:00,2025-09-20T06:31:26.000+07:00,
3806,อำเภอบึงโขงหลง,Amphoe Bueng Khong Long,77,2019-08-09T03:33:09.000+07:00,2025-09-20T06:31:26.000+07:00,
3807,อำเภอปากคาด,Amphoe Pak Khat,77,2019-08-09T03:33:09.000+07:00,2025-09-20T06:31:26.000+07:00,
3808,อำเภอบุ่งคล้า,Amphoe Bung Khla,77,2019-08-09T03:33:09.000+07:00,2025-09-20T06:31:26.000+07:00,
3901,อำเภอเมืองหนองบัวลำภู,Amphoe Mueang Nong Bua Lam Phu,27,2019-08-09T03:33:09.000+07:00,2025-09-20T06:31:26.000+07:00,
3902,อำเภอนากลาง,Amphoe Na Klang,27,2019-08-09T03:33:09.000+07:00,2025-09-20T06:31:26.000+07:00,
3903,อำเภอโนนสัง,Amphoe Non Sang,27,2019-08-09T03:33:09.000+07:00,2025-09-20T06:31:26.000+07:00,
3904,อำเภอศรีบุญเรือง,Amphoe Si Bun Rueang,27,2019-08-09T03:33:09.000+07:00,2025-09-20T06:31:26.000+07:00,
3905,อำเภอสุวรรณคูหา,Amphoe Suwannakhuha,27,2019-08-09T03:33:09.000+07:00,2025-09-20T06:31:26.000+07:00,
3906,อำเภอนาวัง,Amphoe Na Wang,27,2019-08-09T03:33:09.000+07:00,2025-09-20T06:31:26.000+07:00,
4001,อำเภอเมืองขอนแก่น,Amphoe Mueang Khon Kaen,28,2019-08-09T03:33:09.000+07:00,2025-09-20T06:31:26.000+07:00,
4002,อำเภอบ้านฝาง,Amphoe Ban Fang,28,2019-08-09T03:33:09.000+07:00,2025-09-20T06:31:26.000+07:00,
4003,อำเภอพระยืน,Amphoe Phra Yuen,28,2019-08-09T03:33:09.000+07:00,2025-09-20T06:31:26.000+07:00,
4004,อำเภอหนองเรือ,Amphoe Nong Ruea,28,2019-08-09T03:33:09.000+07:00,2025-09-20T06:31:26.000+07:00,
4005,อำเภอชุมแพ,Amphoe Chum Phae,28,2019-08-09T03:33:09.000+07:00,2025-09-20T06:31:26.000+07:00,
4006,อำเภอสีชมพู,Amphoe Si Chomphu,28,2019-08-09T03:33:09.000+07:00,2025-09-20T06:31:26.000+07:00,
4007,อำเภอน้ำพอง,Amphoe Nam Phong,28,2019-08-09T03:33:09.000+07:00,2025-09-20T06:31:26.000+07:00,
4008,อำเภออุบลรัตน์,Amphoe Ubolratana,28,2019-08-09T03:33:09.000+07:00,2025-09-20T06:31:26.000+07:00,
4009,อำเภอกระนวน,Amphoe Kranuan,28,2019-08-09T03:33:09.000+07:00,2025-09-20T06:31:26.000+07:00,
4010,อำเภอบ้านไผ่,Amphoe Ban Phai,28,2019-08-09T03:33:09.000+07:00,2025-09-20T06:31:26.000+07:00,
4011,อำเภอเปือยน้อย,Amphoe Pueai Noi,28,2019-08-09T03:33:09.000+07:00,2025-09-20T06:31:26.000+07:00,
4012,อำเภอพล,Amphoe Phon,28,2019-08-09T03:33:09.000+07:00,2025-09-20T06:31:26.000+07:00,
4013,อำเภอแวงใหญ่,Amphoe Waeng Yai,28,2019-08-09T03:33:09.000+07:00,2025-09-20T06:31:26.000+07:00,
4014,อำเภอแวงน้อย,Amphoe Waeng Noi,28,2019-08-09T03:33:09.000+07:00,2025-09-20T06:31:26.000+07:00,
4015,อำเภอหนองสองห้อง,Amphoe Nong Song Hong,28,2019-08-09T03:33:09.000+07:00,2025-09-20T06:31:26.000+07:00,
4016,อำเภอภูเวียง,Amphoe Phu Wiang,28,2019-08-09T03:33:09.000+07:00,2025-09-20T06:31:26.000+07:00,
4017,อำเภอมัญจาคีรี,Amphoe Mancha Khiri,28,2019-08-09T03:33:09.000+07:00,2025-09-20T06:31:26.000+07:00,
4018,อำเภอชนบท,Amphoe Chonnabot,28,2019-08-09T03:33:09.000+07:00,2025-09-20T06:31:26.000+07:00,
4019,อำเภอเขาสวนกวาง,Amphoe Khao Suan Kwang,28,2019-08-09T03:33:09.000+07:00,2025-09-20T06:31:26.000+07:00,
4020,อำเภอภูผาม่าน,Amphoe Phu Pha Man,28,2019-08-09T03:33:09.000+07:00,2025-09-20T06:31:26.000+07:00,
4021,อำเภอซำสูง,Amphoe Sam Sung,28,2019-08-09T03:33:09.000+07:00,2025-09-20T06:31:26.000+07:00,
4022,อำเภอโคกโพธิ์ไชย,Amphoe Khok Pho Chai,28,2019-08-09T03:33:09.000+07:00,2025-09-20T06:31:26.000+07:00,
4023,อำเภอหนองนาคำ,Amphoe Nong Na Kham,28,2019-08-09T03:33:09.000+07:00,2025-09-20T06:31:26.000+07:00,
4024,อำเภอบ้านแฮด,Amphoe Ban Haet,28,2019-08-09T03:33:09.000+07:00,2025-09-20T06:31:26.000+07:00,
4025,อำเภอโนนศิลา,Amphoe Non Sila,28,2019-08-09T03:33:09.000+07:00,2025-09-20T06:31:26.000+07:00,
4029,อำเภอเวียงเก่า,Amphoe Wiang Kao,28,2019-08-09T03:33:09.000+07:00,2025-09-20T06:31:26.000+07:00,
4101,อำเภอเมืองอุดรธานี,Amphoe Mueang Udon Thani,29,2019-08-09T03:33:09.000+07:00,2025-09-20T06:31:26.000+07:00,
4102,อำเภอกุดจับ,Amphoe Kut Chap,29,2019-08-09T03:33:09.000+07:00,2025-09-20T06:31:26.000+07:00,
4103,อำเภอหนองวัวซอ,Amphoe Nong Wua So,29,2019-08-09T03:33:09.000+07:00,2025-09-20T06:31:26.000+07:00,
4104,อำเภอกุมภวาปี,Amphoe Kumphawapi,29,2019-08-09T03:33:09.000+07:00,2025-09-20T06:31:26.000+07:00,
4105,อำเภอโนนสะอาด,Amphoe Non Sa-at,29,2019-08-09T03:33:09.000+07:00,2025-09-20T06:31:26.000+07:00,
4106,อำเภอหนองหาน,Amphoe Nong Han,29,2019-08-09T03:33:09.000+07:00,2025-09-20T06:31:26.000+07:00,
4107,อำเภอทุ่งฝน,Amphoe Thung Fon,29,2019-08-09T03:33:09.000+07:00,2025-09-20T06:31:26.000+07:00,
4108,อำเภอไชยวาน,Amphoe Chai Wan,29,2019-08-09T03:33:09.000+07:00,2025-09-20T06:31:26.000+07:00,
4109,อำเภอศรีธาตุ,Amphoe Si That,29,2019-08-09T03:33:09.000+07:00,2025-09-20T06:31:26.000+07:00,
4110,อำเภอวังสามหมอ,Amphoe Wang Sam Mo,29,2019-08-09T03:33:09.000+07:00,2025-09-20T06:31:26.000+07:00,
4111,อำเภอบ้านดุง,Amphoe Ban Dung,29,2019-08-09T03:33:09.000+07:00,2025-09-20T06:31:26.000+07:00,
4117,อำเภอบ้านผือ,Amphoe Ban Phue,29,2019-08-09T03:33:09.000+07:00,2025-09-20T06:31:26.000+07:00,
4118,อำเภอน้ำโสม,Amphoe Nam Som,29,2019-08-09T03:33:09.000+07:00,2025-09-20T06:31:26.000+07:00,
4119,อำเภอเพ็ญ,Amphoe Phen,29,2019-08-09T03:33:09.000+07:00,2025-09-20T06:31:26.000+07:00,
4120,อำเภอสร้างคอม,Amphoe Sang Khom,29,2019-08-09T03:33:09.000+07:00,2025-09-20T06:31:26.000+07:00,
4121,อำเภอหนองแสง,Amphoe Nong Saeng,29,2019-08-09T03:33:09.000+07:00,2025-09-20T06:31:26.000+07:00,
4122,อำเภอนายูง,Amphoe Na Yung,29,2019-08-09T03:33:09.000+07:00,2025-09-20T06:31:26.000+07:00,
4123,อำเภอพิบูลย์รักษ์,Amphoe Phibun Rak,29,2019-08-09T03:33:09.000+07:00,2025-09-20T06:31:26.000+07:00,
4124,อำเภอกู่แก้ว,Amphoe Ku Kaeo,29,2019-08-09T03:33:09.000+07:00,2025-09-20T06:31:26.000+07:00,
4125,อำเภอประจักษ์ศิลปาคม,Amphoe rachak-sinlapakhom,29,2019-08-09T03:33:09.000+07:00,2025-09-20T06:31:26.000+07:00,
4201,อำเภอเมืองเลย,Amphoe Mueang Loei,30,2019-08-09T03:33:09.000+07:00,2025-09-20T06:31:26.000+07:00,
4202,อำเภอนาด้วง,Amphoe Na Duang,30,2019-08-09T03:33:09.000+07:00,2025-09-20T06:31:26.000+07:00,
4203,อำเภอเชียงคาน,Amphoe Chiang Khan,30,2019-08-09T03:33:09.000+07:00,2025-09-20T06:31:26.000+07:00,
4204,อำเภอปากชม,Amphoe Pak Chom,30,2019-08-09T03:33:09.000+07:00,2025-09-20T06:31:26.000+07:00,
4205,อำเภอด่านซ้าย,Amphoe Dan Sai,30,2019-08-09T03:33:09.000+07:00,2025-09-20T06:31:26.000+07:00,
4206,อำเภอนาแห้ว,Amphoe Na Haeo,30,2019-08-09T03:33:09.000+07:00,2025-09-20T06:31:26.000+07:00,
4207,อำเภอภูเรือ,Amphoe Phu Ruea,30,2019-08-09T03:33:09.000+07:00,2025-09-20T06:31:26.000+07:00,
4208,อำเภอท่าลี่,Amphoe Tha Li,30,2019-08-09T03:33:09.000+07:00,2025-09-20T06:31:26.000+07:00,
4209,อำเภอวังสะพุง,Amphoe Wang Saphung,30,2019-08-09T03:33:09.000+07:00,2025-09-20T06:31:26.000+07:00,
4210,อำเภอภูกระดึง,Amphoe Phu Kradueng,30,2019-08-09T03:33:09.000+07:00,2025-09-20T06:31:26.000+07:00,
4211,อำเภอภูหลวง,Amphoe Phu Luang,30,2019-08-09T03:33:09.000+07:00,2025-09-20T06:31:26.000+07:00,
4212,อำเภอผาขาว,Amphoe Pha Khao,30,2019-08-09T03:33:09.000+07:00,2025-09-20T06:31:26.000+07:00,
4213,อำเภอเอราวัณ,Amphoe Erawan,30,2019-08-09T03:33:09.000+07:00,2025-09-20T06:31:26.000+07:00,
4214,อำเภอหนองหิน,Amphoe Nong Hin,30,2019-08-09T03:33:09.000+07:00,2025-09-20T06:31:26.000+07:00,
4301,อำเภอเมืองหนองคาย,Amphoe Mueang Nong Khai,31,2019-08-09T03:33:09.000+07:00,2025-09-20T06:31:26.000+07:00,
4302,อำเภอท่าบ่อ,Amphoe Tha Bo,31,2019-08-09T03:33:09.000+07:00,2025-09-20T06:31:26.000+07:00,
4305,อำเภอโพนพิสัย,Amphoe Phon Phisai,31,2019-08-09T03:33:09.000+07:00,2025-09-20T06:31:26.000+07:00,
4307,อำเภอศรีเชียงใหม่,Amphoe Si Chiang Mai,31,2019-08-09T03:33:09.000+07:00,2025-09-20T06:31:26.000+07:00,
4308,อำเภอสังคม,Amphoe Sangkhom,31,2019-08-09T03:33:09.000+07:00,2025-09-20T06:31:26.000+07:00,
4314,อำเภอสระใคร,Amphoe Sakhrai,31,2019-08-09T03:33:09.000+07:00,2025-09-20T06:31:26.000+07:00,
4315,อำเภอเฝ้าไร่,Amphoe Fao Rai,31,2019-08-09T03:33:09.000+07:00,2025-09-20T06:31:26.000+07:00,
4316,อำเภอรัตนวาปี,Amphoe Rattanawapi,31,2019-08-09T03:33:09.000+07:00,2025-09-20T06:31:26.000+07:00,
4317,อำเภอโพธิ์ตาก,Amphoe Pho Tak,31,2019-08-09T03:33:09.000+07:00,2025-09-20T06:31:26.000+07:00,
4401,อำเภอเมืองมหาสารคาม,Amphoe Mueang Maha Sarakham,32,2019-08-09T03:33:09.000+07:00,2025-09-20T06:31:26.000+07:00,
4402,อำเภอแกดำ,Amphoe Kae Dam,32,2019-08-09T03:33:09.000+07:00,2025-09-20T06:31:26.000+07:00,
4403,อำเภอโกสุมพิสัย,Amphoe Kosum Phisai,32,2019-08-09T03:33:09.000+07:00,2025-09-20T06:31:26.000+07:00,
4404,อำเภอกันทรวิชัย,Amphoe Kantharawichai,32,2019-08-09T03:33:09.000+07:00,2025-09-20T06:31:26.000+07:00,
4405,อำเภอเชียงยืน,Amphoe Kantharawichai,32,2019-08-09T03:33:09.000+07:00,2025-09-20T06:31:26.000+07:00,
4406,อำเภอบรบือ,Amphoe Borabue,32,2019-08-09T03:33:09.000+07:00,2025-09-20T06:31:26.000+07:00,
4407,อำเภอนาเชือก,Amphoe Na Chueak,32,2019-08-09T03:33:09.000+07:00,2025-09-20T06:31:26.000+07:00,
4408,อำเภอพยัคฆภูมิพิสัย,Amphoe Phayakkhaphum Phisai,32,2019-08-09T03:33:09.000+07:00,2025-09-20T06:31:26.000+07:00,
4409,อำเภอวาปีปทุม,Amphoe Wapi Pathum,32,2019-08-09T03:33:09.000+07:00,2025-09-20T06:31:26.000+07:00,
4410,อำเภอนาดูน,Amphoe Na Dun,32,2019-08-09T03:33:09.000+07:00,2025-09-20T06:31:26.000+07:00,
4411,อำเภอยางสีสุราช,Amphoe Yang Sisurat,32,2019-08-09T03:33:09.000+07:00,2025-09-20T06:31:26.000+07:00,
4412,อำเภอกุดรัง,Amphoe Kut Rang,32,2019-08-09T03:33:09.000+07:00,2025-09-20T06:31:26.000+07:00,
4413,อำเภอชื่นชม,Amphoe Chuen Chom,32,2019-08-09T03:33:09.000+07:00,2025-09-20T06:31:26.000+07:00,
4501,อำเภอเมืองร้อยเอ็ด,Amphoe Mueang Roi Et,33,2019-08-09T03:33:09.000+07:00,2025-09-20T06:31:26.000+07:00,
4502,อำเภอเกษตรวิสัย,Amphoe Kaset Wisai,33,2019-08-09T03:33:09.000+07:00,2025-09-20T06:31:26.000+07:00,
4503,อำเภอปทุมรัตต์,Amphoe Pathum Rat,33,2019-08-09T03:33:09.000+07:00,2025-09-20T06:31:26.000+07:00,
4504,อำเภอจตุรพักตรพิมาน,Amphoe Chaturaphak Phiman,33,2019-08-09T03:33:09.000+07:00,2025-09-20T06:31:26.000+07:00,
4505,อำเภอธวัชบุรี,Amphoe Thawat Buri,33,2019-08-09T03:33:09.000+07:00,2025-09-20T06:31:26.000+07:00,
4506,อำเภอพนมไพร,Amphoe Phanom Phrai,33,2019-08-09T03:33:09.000+07:00,2025-09-20T06:31:26.000+07:00,
4507,อำเภอโพนทอง,Amphoe Phon Thong,33,2019-08-09T03:33:09.000+07:00,2025-09-20T06:31:26.000+07:00,
4508,อำเภอโพธิ์ชัย,Amphoe Pho Chai,33,2019-08-09T03:33:09.000+07:00,2025-09-20T06:31:26.000+07:00,
4509,อำเภอหนองพอก,Amphoe Nong Phok,33,2019-08-09T03:33:09.000+07:00,2025-09-20T06:31:26.000+07:00,
4510,อำเภอเสลภูมิ,Amphoe Selaphum,33,2019-08-09T03:33:09.000+07:00,2025-09-20T06:31:26.000+07:00,
4511,อำเภอสุวรรณภูมิ,Amphoe Suwannaphum,33,2019-08-09T03:33:09.000+07:00,2025-09-20T06:31:26.000+07:00,
4512,อำเภอเมืองสรวง,Amphoe Mueang Suang,33,2019-08-09T03:33:09.000+07:00,2025-09-20T06:31:26.000+07:00,
4513,อำเภอโพนทราย,Amphoe Phon Sai,33,2019-08-09T03:33:09.000+07:00,2025-09-20T06:31:26.000+07:00,
4514,อำเภออาจสามารถ,Amphoe At Samat,33,2019-08-09T03:33:09.000+07:00,2025-09-20T06:31:26.000+07:00,
4515,อำเภอเมยวดี,Amphoe Moei Wadi,33,2019-08-09T03:33:09.000+07:00,2025-09-20T06:31:26.000+07:00,
4516,อำเภอศรีสมเด็จ,Amphoe Si Somdet,33,2019-08-09T03:33:09.000+07:00,2025-09-20T06:31:26.000+07:00,
4517,อำเภอจังหาร,Amphoe Changhan,33,2019-08-09T03:33:09.000+07:00,2025-09-20T06:31:26.000+07:00,
4518,อำเภอเชียงขวัญ,Amphoe Chiang Khwan,33,2019-08-09T03:33:09.000+07:00,2025-09-20T06:31:26.000+07:00,
4519,อำเภอหนองฮี,Amphoe Nong Hi,33,2019-08-09T03:33:09.000+07:00,2025-09-20T06:31:26.000+07:00,
4520,อำเภอทุ่งเขาหลวง,Amphoe Thung Khao Luang,33,2019-08-09T03:33:09.000+07:00,2025-09-20T06:31:26.000+07:00,
4601,อำเภอเมืองกาฬสินธุ์,Amphoe Mueang Kalasin,34,2019-08-09T03:33:09.000+07:00,2025-09-20T06:31:26.000+07:00,
4602,อำเภอนามน,Amphoe Na Mon,34,2019-08-09T03:33:09.000+07:00,2025-09-20T06:31:26.000+07:00,
4603,อำเภอกมลาไสย,Amphoe Kamalasai,34,2019-08-09T03:33:09.000+07:00,2025-09-20T06:31:26.000+07:00,
4604,อำเภอร่องคำ,Amphoe Rong Kham,34,2019-08-09T03:33:09.000+07:00,2025-09-20T06:31:26.000+07:00,
4605,อำเภอกุฉินารายณ์,Amphoe Kuchinarai,34,2019-08-09T03:33:09.000+07:00,2025-09-20T06:31:26.000+07:00,
4606,อำเภอเขาวง,Amphoe Khao Wong,34,2019-08-09T03:33:09.000+07:00,2025-09-20T06:31:26.000+07:00,
4607,อำเภอยางตลาด,Amphoe Yang Talat,34,2019-08-09T03:33:09.000+07:00,2025-09-20T06:31:26.000+07:00,
4608,อำเภอห้วยเม็ก,Amphoe Huai Mek,34,2019-08-09T03:33:09.000+07:00,2025-09-20T06:31:26.000+07:00,
4609,อำเภอสหัสขันธ์,Amphoe Sahatsakhan,34,2019-08-09T03:33:09.000+07:00,2025-09-20T06:31:26.000+07:00,
4610,อำเภอคำม่วง,Amphoe Kham Muang,34,2019-08-09T03:33:09.000+07:00,2025-09-20T06:31:26.000+07:00,
4611,อำเภอท่าคันโท,Amphoe Tha Khantho,34,2019-08-09T03:33:09.000+07:00,2025-09-20T06:31:26.000+07:00,
4612,อำเภอหนองกุงศรี,Amphoe Nong Kung Si,34,2019-08-09T03:33:09.000+07:00,2025-09-20T06:31:26.000+07:00,
4613,อำเภอสมเด็จ,Amphoe Somdet,34,2019-08-09T03:33:09.000+07:00,2025-09-20T06:31:26.000+07:00,
4614,อำเภอห้วยผึ้ง,Amphoe Huai Phueng,34,2019-08-09T03:33:09.000+07:00,2025-09-20T06:31:26.000+07:00,
4615,อำเภอสามชัย,Amphoe Sam Chai,34,2019-08-09T03:33:09.000+07:00,2025-09-20T06:31:26.000+07:00,
4616,อำเภอนาคู,Amphoe Na Khu,34,2019-08-09T03:33:09.000+07:00,2025-09-20T06:31:26.000+07:00,
4617,อำเภอดอนจาน,Amphoe Don Chan,34,2019-08-09T03:33:09.000+07:00,2025-09-20T06:31:26.000+07:00,
4618,อำเภอฆ้องชัย,Amphoe Khong Chai,34,2019-08-09T03:33:09.000+07:00,2025-09-20T06:31:26.000+07:00,
4701,อำเภอเมืองสกลนคร,Amphoe Mueang Sakon Nakhon,35,2019-08-09T03:33:09.000+07:00,2025-09-20T06:31:26.000+07:00,
4702,อำเภอกุสุมาลย์,Amphoe Kusuman,35,2019-08-09T03:33:09.000+07:00,2025-09-20T06:31:26.000+07:00,
4703,อำเภอกุดบาก,Amphoe Kut Bak,35,2019-08-09T03:33:09.000+07:00,2025-09-20T06:31:26.000+07:00,
4704,อำเภอพรรณานิคม,Amphoe Phanna Nikhom,35,2019-08-09T03:33:09.000+07:00,2025-09-20T06:31:26.000+07:00,
4705,อำเภอพังโคน,Amphoe Phang Khon,35,2019-08-09T03:33:09.000+07:00,2025-09-20T06:31:26.000+07:00,
4706,อำเภอวาริชภูมิ,Amphoe Waritchaphum,35,2019-08-09T03:33:09.000+07:00,2025-09-20T06:31:26.000+07:00,
4707,อำเภอนิคมน้ำอูน,Amphoe Nikhom Nam Un,35,2019-08-09T03:33:09.000+07:00,2025-09-20T06:31:26.000+07:00,
4708,อำเภอวานรนิวาส,Amphoe Wanon Niwat,35,2019-08-09T03:33:09.000+07:00,2025-09-20T06:31:26.000+07:00,
4709,อำเภอคำตากล้า,Amphoe Kham Ta Kla,35,2019-08-09T03:33:09.000+07:00,2025-09-20T06:31:26.000+07:00,
4710,อำเภอบ้านม่วง,Amphoe Ban Muang,35,2019-08-09T03:33:09.000+07:00,2025-09-20T06:31:26.000+07:00,
4711,อำเภออากาศอำนวย,Amphoe Akat Amnuai,35,2019-08-09T03:33:09.000+07:00,2025-09-20T06:31:26.000+07:00,
4712,อำเภอสว่างแดนดิน,Amphoe Sawang Daen Din,35,2019-08-09T03:33:09.000+07:00,2025-09-20T06:31:26.000+07:00,
4713,อำเภอส่องดาว,Amphoe Song Dao,35,2019-08-09T03:33:09.000+07:00,2025-09-20T06:31:26.000+07:00,
4714,อำเภอเต่างอย,Amphoe Tao Ngoi,35,2019-08-09T03:33:09.000+07:00,2025-09-20T06:31:26.000+07:00,
4715,อำเภอโคกศรีสุพรรณ,Amphoe Khok Si Suphan,35,2019-08-09T03:33:09.000+07:00,2025-09-20T06:31:26.000+07:00,
4716,อำเภอเจริญศิลป์,Amphoe Charoen Sin,35,2019-08-09T03:33:09.000+07:00,2025-09-20T06:31:26.000+07:00,
4717,อำเภอโพนนาแก้ว,Amphoe Phon Na Kaeo,35,2019-08-09T03:33:09.000+07:00,2025-09-20T06:31:26.000+07:00,
4718,อำเภอภูพาน,Amphoe Phu Phan,35,2019-08-09T03:33:09.000+07:00,2025-09-20T06:31:26.000+07:00,
4801,อำเภอเมืองนครพนม,Amphoe Mueang Nakhon Phanom,36,2019-08-09T03:33:09.000+07:00,2025-09-20T06:31:26.000+07:00,
4802,อำเภอปลาปาก,Amphoe Pla Pak,36,2019-08-09T03:33:09.000+07:00,2025-09-20T06:31:26.000+07:00,
4803,อำเภอท่าอุเทน,Amphoe Tha Uthen,36,2019-08-09T03:33:09.000+07:00,2025-09-20T06:31:26.000+07:00,
4804,อำเภอบ้านแพง,Amphoe Ban Phaeng,36,2019-08-09T03:33:09.000+07:00,2025-09-20T06:31:26.000+07:00,
4805,อำเภอธาตุพนม,Amphoe That Phanom,36,2019-08-09T03:33:09.000+07:00,2025-09-20T06:31:26.000+07:00,
4806,อำเภอเรณูนคร,Amphoe Renu Nakhon,36,2019-08-09T03:33:09.000+07:00,2025-09-20T06:31:26.000+07:00,
4807,อำเภอนาแก,Amphoe Na Kae,36,2019-08-09T03:33:09.000+07:00,2025-09-20T06:31:26.000+07:00,
4808,อำเภอศรีสงคราม,Amphoe Si Songkhram,36,2019-08-09T03:33:09.000+07:00,2025-09-20T06:31:26.000+07:00,
4809,อำเภอนาหว้า,Amphoe Na Wa,36,2019-08-09T03:33:09.000+07:00,2025-09-20T06:31:26.000+07:00,
4810,อำเภอโพนสวรรค์,Amphoe Phon Sawan,36,2019-08-09T03:33:09.000+07:00,2025-09-20T06:31:26.000+07:00,
4811,อำเภอนาทม,Amphoe Na Thom,36,2019-08-09T03:33:09.000+07:00,2025-09-20T06:31:26.000+07:00,
4812,อำเภอวังยาง,Amphoe Wang Yang,36,2019-08-09T03:33:09.000+07:00,2025-09-20T06:31:26.000+07:00,
4901,อำเภอเมืองมุกดาหาร,Amphoe Mueang Mukdahan,37,2019-08-09T03:33:09.000+07:00,2025-09-20T06:31:26.000+07:00,
4902,อำเภอนิคมคำสร้อย,Amphoe Nikhom Kham Soi,37,2019-08-09T03:33:09.000+07:00,2025-09-20T06:31:26.000+07:00,
4903,อำเภอดอนตาล,Amphoe Don Tan,37,2019-08-09T03:33:09.000+07:00,2025-09-20T06:31:26.000+07:00,
4904,อำเภอดงหลวง,Amphoe Dong Luang,37,2019-08-09T03:33:09.000+07:00,2025-09-20T06:31:26.000+07:00,
4905,อำเภอคำชะอี,Amphoe Khamcha-i,37,2019-08-09T03:33:09.000+07:00,2025-09-20T06:31:26.000+07:00,
4906,อำเภอหว้านใหญ่,Amphoe Wan Yai,37,2019-08-09T03:33:09.000+07:00,2025-09-20T06:31:26.000+07:00,
4907,อำเภอหนองสูง,Amphoe Nong Sung,37,2019-08-09T03:33:09.000+07:00,2025-09-20T06:31:26.000+07:00,
5001,อำเภอเมืองเชียงใหม่,Amphoe Mueang Chiang Mai,38,2019-08-09T03:33:09.000+07:00,2025-09-20T06:31:26.000+07:00,
5002,อำเภอจอมทอง,Amphoe Chom Thong,38,2019-08-09T03:33:09.000+07:00,2025-09-20T06:31:26.000+07:00,
5003,อำเภอแม่แจ่ม,Amphoe Mae Chaem,38,2019-08-09T03:33:09.000+07:00,2025-09-20T06:31:26.000+07:00,
5004,อำเภอเชียงดาว,Amphoe Chiang Dao,38,2019-08-09T03:33:09.000+07:00,2025-09-20T06:31:26.000+07:00,
5005,อำเภอดอยสะเก็ด,Amphoe Doi Saket,38,2019-08-09T03:33:09.000+07:00,2025-09-20T06:31:26.000+07:00,
5006,อำเภอแม่แตง,Amphoe Mae Taeng,38,2019-08-09T03:33:09.000+07:00,2025-09-20T06:31:26.000+07:00,
5007,อำเภอแม่ริม,Amphoe Mae Rim,38,2019-08-09T03:33:09.000+07:00,2025-09-20T06:31:26.000+07:00,
5008,อำเภอสะเมิง,Amphoe Samoeng,38,2019-08-09T03:33:09.000+07:00,2025-09-20T06:31:26.000+07:00,
5009,อำเภอฝาง,Amphoe Fang,38,2019-08-09T03:33:09.000+07:00,2025-09-20T06:31:26.000+07:00,
5010,อำเภอแม่อาย,Amphoe Mae Ai,38,2019-08-09T03:33:09.000+07:00,2025-09-20T06:31:26.000+07:00,
5011,อำเภอพร้าว,Amphoe Phrao,38,2019-08-09T03:33:09.000+07:00,2025-09-20T06:31:26.000+07:00,
5012,อำเภอสันป่าตอง,Amphoe San Pa Tong,38,2019-08-09T03:33:09.000+07:00,2025-09-20T06:31:26.000+07:00,
5013,อำเภอสันกำแพง,Amphoe San Kamphaeng,38,2019-08-09T03:33:09.000+07:00,2025-09-20T06:31:26.000+07:00,
5014,อำเภอสันทราย,Amphoe San Sai,38,2019-08-09T03:33:09.000+07:00,2025-09-20T06:31:26.000+07:00,
5015,อำเภอหางดง,Amphoe Hang Dong,38,2019-08-09T03:33:09.000+07:00,2025-09-20T06:31:26.000+07:00,
5016,อำเภอฮอด,Amphoe Hot,38,2019-08-09T03:33:09.000+07:00,2025-09-20T06:31:26.000+07:00,
5017,อำเภอดอยเต่า,Amphoe Doi Tao,38,2019-08-09T03:33:09.000+07:00,2025-09-20T06:31:26.000+07:00,
5018,อำเภออมก๋อย,Amphoe Omkoi,38,2019-08-09T03:33:09.000+07:00,2025-09-20T06:31:26.000+07:00,
5019,อำเภอสารภี,Amphoe Saraphi,38,2019-08-09T03:33:09.000+07:00,2025-09-20T06:31:26.000+07:00,
5020,อำเภอเวียงแหง,Amphoe Wiang Haeng,38,2019-08-09T03:33:09.000+07:00,2025-09-20T06:31:26.000+07:00,
5021,อำเภอไชยปราการ,Amphoe Chai Prakan,38,2019-08-09T03:33:09.000+07:00,2025-09-20T06:31:26.000+07:00,
5022,อำเภอแม่วาง,Amphoe Mae Wang,38,2019-08-09T03:33:09.000+07:00,2025-09-20T06:31:26.000+07:00,
5023,อำเภอแม่ออน,Amphoe Mae On,38,2019-08-09T03:33:09.000+07:00,2025-09-20T06:31:26.000+07:00,
5024,อำเภอดอยหล่อ,Amphoe Doi Lo,38,2019-08-09T03:33:09.000+07:00,2025-09-20T06:31:26.000+07:00,
5025,อำเภอกัลยาณิวัฒนา,Amphoe Galyani Vadhana,38,2025-11-15T14:48:00.000+07:00,2025-11-15T14:48:00.000+07:00,
5101,อำเภอเมืองลำพูน,Amphoe Mueang Lamphun,39,2019-08-09T03:33:09.000+07:00,2025-09-20T06:31:26.000+07:00,
5102,อำเภอแม่ทา,Amphoe Mae Tha,39,2019-08-09T03:33:09.000+07:00,2025-09-20T06:31:26.000+07:00,
5103,อำเภอบ้านโฮ่ง,Amphoe Ban Hong,39,2019-08-09T03:33:09.000+07:00,2025-09-20T06:31:26.000+07:00,
5104,อำเภอลี้,Amphoe Li,39,2019-08-09T03:33:09.000+07:00,2025-09-20T06:31:26.000+07:00,
5105,อำเภอทุ่งหัวช้าง,Amphoe Thung Hua Chang,39,2019-08-09T03:33:09.000+07:00,2025-09-20T06:31:26.000+07:00,
5106,อำเภอป่าซาง,Amphoe Pa Sang,39,2019-08-09T03:33:09.000+07:00,2025-09-20T06:31:26.000+07:00,
5107,อำเภอบ้านธิ,Amphoe Ban Thi,39,2019-08-09T03:33:09.000+07:00,2025-09-20T06:31:26.000+07:00,
5108,อำเภอเวียงหนองล่อง,Amphoe Wiang Nong Long,39,2019-08-09T03:33:09.000+07:00,2025-09-20T06:31:26.000+07:00,
5201,อำเภอเมืองลำปาง,Amphoe Mueang Lampang,40,2019-08-09T03:33:09.000+07:00,2025-09-20T06:31:26.000+07:00,
5202,อำเภอแม่เมาะ,Amphoe Mae Mo,40,2019-08-09T03:33:09.000+07:00,2025-09-20T06:31:26.000+07:00,
5203,อำเภอเกาะคา,Amphoe Ko Kha,40,2019-08-09T03:33:09.000+07:00,2025-09-20T06:31:26.000+07:00,
5204,อำเภอเสริมงาม,Amphoe Soem Ngam,40,2019-08-09T03:33:09.000+07:00,2025-09-20T06:31:26.000+07:00,
5205,อำเภองาว,Amphoe Ngao,40,2019-08-09T03:33:09.000+07:00,2025-09-20T06:31:26.000+07:00,
5206,อำเภอแจ้ห่ม,Amphoe Chae Hom,40,2019-08-09T03:33:09.000+07:00,2025-09-20T06:31:26.000+07:00,
5207,อำเภอวังเหนือ,Amphoe Wang Nuea,40,2019-08-09T03:33:09.000+07:00,2025-09-20T06:31:26.000+07:00,
5208,อำเภอเถิน,Amphoe Thoen,40,2019-08-09T03:33:09.000+07:00,2025-09-20T06:31:26.000+07:00,
5209,อำเภอแม่พริก,Amphoe Mae Phrik,40,2019-08-09T03:33:09.000+07:00,2025-09-20T06:31:26.000+07:00,
5210,อำเภอแม่ทะ,Amphoe Mae Tha,40,2019-08-09T03:33:09.000+07:00,2025-09-20T06:31:26.000+07:00,
5211,อำเภอสบปราบ,Amphoe Sop Prap,40,2019-08-09T03:33:09.000+07:00,2025-09-20T06:31:26.000+07:00,
5212,อำเภอห้างฉัตร,Amphoe Hang Chat,40,2019-08-09T03:33:09.000+07:00,2025-09-20T06:31:26.000+07:00,
5213,อำเภอเมืองปาน,Amphoe Mueang Pan,40,2019-08-09T03:33:09.000+07:00,2025-09-20T06:31:26.000+07:00,
5301,อำเภอเมืองอุตรดิตถ์,Amphoe Mueang Uttaradit,41,2019-08-09T03:33:09.000+07:00,2025-09-20T06:31:26.000+07:00,
5302,อำเภอตรอน,Amphoe Tron,41,2019-08-09T03:33:09.000+07:00,2025-09-20T06:31:26.000+07:00,
5303,อำเภอท่าปลา,Amphoe Tha Pla,41,2019-08-09T03:33:09.000+07:00,2025-09-20T06:31:26.000+07:00,
5304,อำเภอน้ำปาด,Amphoe Nam Pat,41,2019-08-09T03:33:09.000+07:00,2025-09-20T06:31:26.000+07:00,
5305,อำเภอฟากท่า,Amphoe Fak Tha,41,2019-08-09T03:33:09.000+07:00,2025-09-20T06:31:26.000+07:00,
5306,อำเภอบ้านโคก,Amphoe Ban Khok,41,2019-08-09T03:33:09.000+07:00,2025-09-20T06:31:26.000+07:00,
5307,อำเภอพิชัย,Amphoe Phichai,41,2019-08-09T03:33:09.000+07:00,2025-09-20T06:31:26.000+07:00,
5308,อำเภอลับแล,Amphoe Laplae,41,2019-08-09T03:33:09.000+07:00,2025-09-20T06:31:26.000+07:00,
5309,อำเภอทองแสนขัน,Amphoe Thong Saen Khan,41,2019-08-09T03:33:09.000+07:00,2025-09-20T06:31:26.000+07:00,
5401,อำเภอเมืองแพร่,Amphoe Mueang Phrae,42,2019-08-09T03:33:09.000+07:00,2025-09-20T06:31:26.000+07:00,
5402,อำเภอร้องกวาง,Amphoe Rong Kwang,42,2019-08-09T03:33:09.000+07:00,2025-09-20T06:31:26.000+07:00,
5403,อำเภอลอง,Amphoe Long,42,2019-08-09T03:33:09.000+07:00,2025-09-20T06:31:26.000+07:00,
5404,อำเภอสูงเม่น,Amphoe Sung Men,42,2019-08-09T03:33:09.000+07:00,2025-09-20T06:31:26.000+07:00,
5405,อำเภอเด่นชัย,Amphoe Den Chai,42,2019-08-09T03:33:09.000+07:00,2025-09-20T06:31:26.000+07:00,
5406,อำเภอสอง,Amphoe Song,42,2019-08-09T03:33:09.000+07:00,2025-09-20T06:31:26.000+07:00,
5407,อำเภอวังชิ้น,Amphoe Wang Chin,42,2019-08-09T03:33:09.000+07:00,2025-09-20T06:31:26.000+07:00,
5408,อำเภอหนองม่วงไข่,Amphoe Nong Muang Khai,42,2019-08-09T03:33:09.000+07:00,2025-09-20T06:31:26.000+07:00,
5501,อำเภอเมืองน่าน,Amphoe Mueang Nan,43,2019-08-09T03:33:09.000+07:00,2025-09-20T06:31:26.000+07:00,
5502,อำเภอแม่จริม,Amphoe Mae Charim,43,2019-08-09T03:33:09.000+07:00,2025-09-20T06:31:26.000+07:00,
5503,อำเภอบ้านหลวง,Amphoe Ban Luang,43,2019-08-09T03:33:09.000+07:00,2025-09-20T06:31:26.000+07:00,
5504,อำเภอนาน้อย,Amphoe Na Noi,43,2019-08-09T03:33:09.000+07:00,2025-09-20T06:31:26.000+07:00,
5505,อำเภอปัว,Amphoe Pua,43,2019-08-09T03:33:09.000+07:00,2025-09-20T06:31:26.000+07:00,
5506,อำเภอท่าวังผา,Amphoe Tha Wang Pha,43,2019-08-09T03:33:09.000+07:00,2025-09-20T06:31:26.000+07:00,
5507,อำเภอเวียงสา,Amphoe Wiang Sa,43,2019-08-09T03:33:09.000+07:00,2025-09-20T06:31:26.000+07:00,
5508,อำเภอทุ่งช้าง,Amphoe Thung Chang,43,2019-08-09T03:33:09.000+07:00,2025-09-20T06:31:26.000+07:00,
5509,อำเภอเชียงกลาง,Amphoe Chiang Klang,43,2019-08-09T03:33:09.000+07:00,2025-09-20T06:31:26.000+07:00,
5510,อำเภอนาหมื่น,Amphoe Na Muen,43,2019-08-09T03:33:09.000+07:00,2025-09-20T06:31:26.000+07:00,
5511,อำเภอสันติสุข,Amphoe Santi Suk,43,2019-08-09T03:33:09.000+07:00,2025-09-20T06:31:26.000+07:00,
5512,อำเภอบ่อเกลือ,Amphoe Bo Kluea,43,2019-08-09T03:33:09.000+07:00,2025-09-20T06:31:26.000+07:00,
5513,อำเภอสองแคว,Amphoe Song Khwae,43,2019-08-09T03:33:09.000+07:00,2025-09-20T06:31:26.000+07:00,
5514,อำเภอภูเพียง,Amphoe Phu Phiang,43,2019-08-09T03:33:09.000+07:00,2025-09-20T06:31:26.000+07:00,
5515,อำเภอเฉลิมพระเกียรติ,Amphoe Chaloem Phra Kiat,43,2019-08-09T03:33:09.000+07:00,2025-09-20T06:31:26.000+07:00,
5601,อำเภอเมืองพะเยา,Amphoe Mueang Phayao,44,2019-08-09T03:33:09.000+07:00,2025-09-20T06:31:26.000+07:00,
5602,อำเภอจุน,Amphoe Chun,44,2019-08-09T03:33:09.000+07:00,2025-09-20T06:31:26.000+07:00,
5603,อำเภอเชียงคำ,Amphoe Chiang Kham,44,2019-08-09T03:33:09.000+07:00,2025-09-20T06:31:26.000+07:00,
5604,อำเภอเชียงม่วน,Amphoe Chiang Muan,44,2019-08-09T03:33:09.000+07:00,2025-09-20T06:31:26.000+07:00,
5605,อำเภอดอกคำใต้,Amphoe Dok Khamtai,44,2019-08-09T03:33:09.000+07:00,2025-09-20T06:31:26.000+07:00,
5606,อำเภอปง,Amphoe Pong,44,2019-08-09T03:33:09.000+07:00,2025-09-20T06:31:26.000+07:00,
5607,อำเภอแม่ใจ,Amphoe Mae Chai,44,2019-08-09T03:33:09.000+07:00,2025-09-20T06:31:26.000+07:00,
5608,อำเภอภูซาง,Amphoe Phu Sang,44,2019-08-09T03:33:09.000+07:00,2025-09-20T06:31:26.000+07:00,
5609,อำเภอภูกามยาว,Amphoe Phu Kamyao,44,2019-08-09T03:33:09.000+07:00,2025-09-20T06:31:26.000+07:00,
5701,อำเภอเมืองเชียงราย,Amphoe Mueang Chiang Rai,45,2019-08-09T03:33:09.000+07:00,2025-09-20T06:31:26.000+07:00,
5702,อำเภอเวียงชัย,Amphoe Wiang Chai,45,2019-08-09T03:33:09.000+07:00,2025-09-20T06:31:26.000+07:00,
5703,อำเภอเชียงของ,Amphoe Chiang Khong,45,2019-08-09T03:33:09.000+07:00,2025-09-20T06:31:26.000+07:00,
5704,อำเภอเทิง,Amphoe Thoeng,45,2019-08-09T03:33:09.000+07:00,2025-09-20T06:31:26.000+07:00,
5705,อำเภอพาน,Amphoe Phan,45,2019-08-09T03:33:09.000+07:00,2025-09-20T06:31:26.000+07:00,
5706,อำเภอป่าแดด,Amphoe Pa Daet,45,2019-08-09T03:33:09.000+07:00,2025-09-20T06:31:26.000+07:00,
5707,อำเภอแม่จัน,Amphoe Mae Chan,45,2019-08-09T03:33:09.000+07:00,2025-09-20T06:31:26.000+07:00,
5708,อำเภอเชียงแสน,Amphoe Chiang Saen,45,2019-08-09T03:33:09.000+07:00,2025-09-20T06:31:26.000+07:00,
5709,อำเภอแม่สาย,Amphoe Mae Sai,45,2019-08-09T03:33:09.000+07:00,2025-09-20T06:31:26.000+07:00,
5710,อำเภอแม่สรวย,Amphoe Mae Suai,45,2019-08-09T03:33:09.000+07:00,2025-09-20T06:31:26.000+07:00,
5711,อำเภอเวียงป่าเป้า,Amphoe Wiang Pa Pao,45,2019-08-09T03:33:09.000+07:00,2025-09-20T06:31:26.000+07:00,
5712,อำเภอพญาเม็งราย,Amphoe Phaya Mengrai,45,2019-08-09T03:33:09.000+07:00,2025-09-20T06:31:26.000+07:00,
5713,อำเภอเวียงแก่น,Amphoe Wiang Kaen,45,2019-08-09T03:33:09.000+07:00,2025-09-20T06:31:26.000+07:00,
5714,อำเภอขุนตาล,Amphoe Khun Tan,45,2019-08-09T03:33:09.000+07:00,2025-09-20T06:31:26.000+07:00,
5715,อำเภอแม่ฟ้าหลวง,Amphoe Mae Fa Luang,45,2019-08-09T03:33:09.000+07:00,2025-09-20T06:31:26.000+07:00,
5716,อำเภอแม่ลาว,Amphoe Mae Lao,45,2019-08-09T03:33:09.000+07:00,2025-09-20T06:31:26.000+07:00,
5717,อำเภอเวียงเชียงรุ้ง,Amphoe Wiang Chiang Rung,45,2019-08-09T03:33:09.000+07:00,2025-09-20T06:31:26.000+07:00,
5718,อำเภอดอยหลวง,Amphoe Doi Luang,45,2019-08-09T03:33:09.000+07:00,2025-09-20T06:31:26.000+07:00,
5801,อำเภอเมืองแม่ฮ่องสอน,Amphoe Mueang Mae Hong Son,46,2019-08-09T03:33:09.000+07:00,2025-09-20T06:31:26.000+07:00,
5802,อำเภอขุนยวม,Amphoe Khun Yuam,46,2019-08-09T03:33:09.000+07:00,2025-09-20T06:31:26.000+07:00,
5803,อำเภอปาย,Amphoe Pai,46,2019-08-09T03:33:09.000+07:00,2025-09-20T06:31:26.000+07:00,
5804,อำเภอแม่สะเรียง,Amphoe Mae Sariang,46,2019-08-09T03:33:09.000+07:00,2025-09-20T06:31:26.000+07:00,
5805,อำเภอแม่ลาน้อย,Amphoe Mae La Noi,46,2019-08-09T03:33:09.000+07:00,2025-09-20T06:31:26.000+07:00,
5806,อำเภอสบเมย,Amphoe Sop Moei,46,2019-08-09T03:33:09.000+07:00,2025-09-20T06:31:26.000+07:00,
5807,อำเภอปางมะผ้า,Amphoe Pang Mapha,46,2019-08-09T03:33:09.000+07:00,2025-09-20T06:31:26.000+07:00,
6001,อำเภอเมืองนครสวรรค์,Amphoe Mueang Nakhon Sawan,47,2019-08-09T03:33:09.000+07:00,2025-09-20T06:31:26.000+07:00,
6002,อำเภอโกรกพระ,Amphoe Krok Phra,47,2019-08-09T03:33:09.000+07:00,2025-09-20T06:31:26.000+07:00,
6003,อำเภอชุมแสง,Amphoe Chum Saeng,47,2019-08-09T03:33:09.000+07:00,2025-09-20T06:31:26.000+07:00,
6004,อำเภอหนองบัว,Amphoe Nong Bua,47,2019-08-09T03:33:09.000+07:00,2025-09-20T06:31:26.000+07:00,
6005,อำเภอบรรพตพิสัย,Amphoe Banphot Phisai,47,2019-08-09T03:33:09.000+07:00,2025-09-20T06:31:26.000+07:00,
6006,อำเภอเก้าเลี้ยว,Amphoe Kao Liao,47,2019-08-09T03:33:09.000+07:00,2025-09-20T06:31:26.000+07:00,
6007,อำเภอตาคลี,Amphoe Takhli,47,2019-08-09T03:33:09.000+07:00,2025-09-20T06:31:26.000+07:00,
6008,อำเภอท่าตะโก,Amphoe Takhli,47,2019-08-09T03:33:09.000+07:00,2025-09-20T06:31:26.000+07:00,
6009,อำเภอไพศาลี,Amphoe Phaisali,47,2019-08-09T03:33:09.000+07:00,2025-09-20T06:31:26.000+07:00,
6010,อำเภอพยุหะคีรี,Amphoe Phayuha Khiri,47,2019-08-09T03:33:09.000+07:00,2025-09-20T06:31:26.000+07:00,
6011,อำเภอลาดยาว,Amphoe Phayuha Khiri,47,2019-08-09T03:33:09.000+07:00,2025-09-20T06:31:26.000+07:00,
6012,อำเภอตากฟ้า,Amphoe Tak Fa,47,2019-08-09T03:33:09.000+07:00,2025-09-20T06:31:26.000+07:00,
6013,อำเภอแม่วงก์,Amphoe Mae Wong,47,2019-08-09T03:33:09.000+07:00,2025-09-20T06:31:26.000+07:00,
6014,อำเภอแม่เปิน,Amphoe Mae Poen,47,2019-08-09T03:33:09.000+07:00,2025-09-20T06:31:26.000+07:00,
6015,อำเภอชุมตาบง,Amphoe Chum Ta Bong,47,2019-08-09T03:33:09.000+07:00,2025-09-20T06:31:26.000+07:00,
6101,อำเภอเมืองอุทัยธานี,Amphoe Mueang Uthai Thani,48,2019-08-09T03:33:09.000+07:00,2025-09-20T06:31:26.000+07:00,
6102,อำเภอทัพทัน,Amphoe Thap Than,48,2019-08-09T03:33:09.000+07:00,2025-09-20T06:31:26.000+07:00,
6103,อำเภอสว่างอารมณ์,Amphoe Sawang Arom,48,2019-08-09T03:33:09.000+07:00,2025-09-20T06:31:26.000+07:00,
6104,อำเภอหนองฉาง,Amphoe Nong Chang,48,2019-08-09T03:33:09.000+07:00,2025-09-20T06:31:26.000+07:00,
6105,อำเภอหนองขาหย่าง,Amphoe Nong Khayang,48,2019-08-09T03:33:09.000+07:00,2025-09-20T06:31:26.000+07:00,
6106,อำเภอบ้านไร่,Amphoe Ban Rai,48,2019-08-09T03:33:09.000+07:00,2025-09-20T06:31:26.000+07:00,
6107,อำเภอลานสัก,Amphoe Lan Sak,48,2019-08-09T03:33:09.000+07:00,2025-09-20T06:31:26.000+07:00,
6108,อำเภอห้วยคต,Amphoe Huai Khot,48,2019-08-09T03:33:09.000+07:00,2025-09-20T06:31:26.000+07:00,
6201,อำเภอเมืองกำแพงเพชร,Amphoe Mueang Kamphaeng Phet,49,2019-08-09T03:33:09.000+07:00,2025-09-20T06:31:26.000+07:00,
6202,อำเภอไทรงาม,Amphoe Sai Ngam,49,2019-08-09T03:33:09.000+07:00,2025-09-20T06:31:26.000+07:00,
6203,อำเภอคลองลาน,Amphoe Khlong Lan,49,2019-08-09T03:33:09.000+07:00,2025-09-20T06:31:26.000+07:00,
6204,อำเภอขาณุวรลักษบุรี,Amphoe Khanu Woralaksaburi,49,2019-08-09T03:33:09.000+07:00,2025-09-20T06:31:26.000+07:00,
6205,อำเภอคลองขลุง,Amphoe Khlong Khlung,49,2019-08-09T03:33:09.000+07:00,2025-09-20T06:31:26.000+07:00,
6206,อำเภอพรานกระต่าย,Amphoe Phran Kratai,49,2019-08-09T03:33:09.000+07:00,2025-09-20T06:31:26.000+07:00,
6207,อำเภอลานกระบือ,Amphoe Lan Krabue,49,2019-08-09T03:33:09.000+07:00,2025-09-20T06:31:26.000+07:00,
6208,อำเภอทรายทองวัฒนา,Amphoe Sai Thong Watthana,49,2019-08-09T03:33:09.000+07:00,2025-09-20T06:31:26.000+07:00,
6209,อำเภอปางศิลาทอง,Amphoe Pang Sila Thong,49,2019-08-09T03:33:09.000+07:00,2025-09-20T06:31:26.000+07:00,
6210,อำเภอบึงสามัคคี,Amphoe Bueng Samakkhi,49,2019-08-09T03:33:09.000+07:00,2025-09-20T06:31:26.000+07:00,
6211,อำเภอโกสัมพีนคร,Amphoe Kosamphi Nakhon,49,2019-08-09T03:33:09.000+07:00,2025-09-20T06:31:26.000+07:00,
6301,อำเภอเมืองตาก,Amphoe Mueang Tak,50,2019-08-09T03:33:09.000+07:00,2025-09-20T06:31:26.000+07:00,
6302,อำเภอบ้านตาก,Amphoe Ban Tak,50,2019-08-09T03:33:09.000+07:00,2025-09-20T06:31:26.000+07:00,
6303,อำเภอสามเงา,Amphoe Sam Ngao,50,2019-08-09T03:33:09.000+07:00,2025-09-20T06:31:26.000+07:00,
6304,อำเภอแม่ระมาด,Amphoe Mae Ramat,50,2019-08-09T03:33:09.000+07:00,2025-09-20T06:31:26.000+07:00,
6305,อำเภอท่าสองยาง,Amphoe Tha Song Yang,50,2019-08-09T03:33:09.000+07:00,2025-09-20T06:31:26.000+07:00,
6306,อำเภอแม่สอด,Amphoe Mae Sot,50,2019-08-09T03:33:09.000+07:00,2025-09-20T06:31:26.000+07:00,
6307,อำเภอพบพระ,Amphoe Phop Phra,50,2019-08-09T03:33:09.000+07:00,2025-09-20T06:31:26.000+07:00,
6308,อำเภออุ้มผาง,Amphoe Umphang,50,2019-08-09T03:33:09.000+07:00,2025-09-20T06:31:26.000+07:00,
6309,อำเภอวังเจ้า,Amphoe Wang Chao,50,2019-08-09T03:33:09.000+07:00,2025-09-20T06:31:26.000+07:00,
6401,อำเภอเมืองสุโขทัย,Amphoe Mueang Sukhothai,51,2019-08-09T03:33:09.000+07:00,2025-09-20T06:31:26.000+07:00,
6402,อำเภอบ้านด่านลานหอย,Amphoe Ban Dan Lan Hoi,51,2019-08-09T03:33:09.000+07:00,2025-09-20T06:31:26.000+07:00,
6403,อำเภอคีรีมาศ,Amphoe Khiri Mat,51,2019-08-09T03:33:09.000+07:00,2025-09-20T06:31:26.000+07:00,
6404,อำเภอกงไกรลาศ,Amphoe Kong Krailat,51,2019-08-09T03:33:09.000+07:00,2025-09-20T06:31:26.000+07:00,
6405,อำเภอศรีสัชนาลัย,Amphoe Si Satchanalai,51,2019-08-09T03:33:09.000+07:00,2025-09-20T06:31:26.000+07:00,
6406,อำเภอศรีสำโรง,Amphoe Si Samrong,51,2019-08-09T03:33:09.000+07:00,2025-09-20T06:31:26.000+07:00,
6407,อำเภอสวรรคโลก,Amphoe Sawankhalok,51,2019-08-09T03:33:09.000+07:00,2025-09-20T06:31:26.000+07:00,
6408,อำเภอศรีนคร,Amphoe Si Nakhon,51,2019-08-09T03:33:09.000+07:00,2025-09-20T06:31:26.000+07:00,
6409,อำเภอทุ่งเสลี่ยม,Amphoe Thung Saliam,51,2019-08-09T03:33:09.000+07:00,2025-09-20T06:31:26.000+07:00,
6501,อำเภอเมืองพิษณุโลก,Amphoe Mueang Phitsanulok,52,2019-08-09T03:33:09.000+07:00,2025-09-20T06:31:26.000+07:00,
6502,อำเภอนครไทย,Amphoe Nakhon Thai,52,2019-08-09T03:33:09.000+07:00,2025-09-20T06:31:26.000+07:00,
6503,อำเภอชาติตระการ,Amphoe Chat Trakan,52,2019-08-09T03:33:09.000+07:00,2025-09-20T06:31:26.000+07:00,
6504,อำเภอบางระกำ,Amphoe Bang Rakam,52,2019-08-09T03:33:09.000+07:00,2025-09-20T06:31:26.000+07:00,
6505,อำเภอบางกระทุ่ม,Amphoe Bang Krathum,52,2019-08-09T03:33:09.000+07:00,2025-09-20T06:31:26.000+07:00,
6506,อำเภอพรหมพิราม,Amphoe Phrom Phiram,52,2019-08-09T03:33:09.000+07:00,2025-09-20T06:31:26.000+07:00,
6507,อำเภอวัดโบสถ์,Amphoe Wat Bot,52,2019-08-09T03:33:09.000+07:00,2025-09-20T06:31:26.000+07:00,
6508,อำเภอวังทอง,Amphoe Wang Thong,52,2019-08-09T03:33:09.000+07:00,2025-09-20T06:31:26.000+07:00,
6509,อำเภอเนินมะปราง,Amphoe Noen Maprang,52,2019-08-09T03:33:09.000+07:00,2025-09-20T06:31:26.000+07:00,
6601,อำเภอเมืองพิจิตร,Amphoe Mueang Phichit,53,2019-08-09T03:33:09.000+07:00,2025-09-20T06:31:26.000+07:00,
6602,อำเภอวังทรายพูน,Amphoe Wang Sai Phun,53,2019-08-09T03:33:09.000+07:00,2025-09-20T06:31:26.000+07:00,
6603,อำเภอโพธิ์ประทับช้าง,Amphoe Pho Prathap Chang,53,2019-08-09T03:33:09.000+07:00,2025-09-20T06:31:26.000+07:00,
6604,อำเภอตะพานหิน,Amphoe Taphan Hin,53,2019-08-09T03:33:09.000+07:00,2025-09-20T06:31:26.000+07:00,
6605,อำเภอบางมูลนาก,Amphoe Bang Mun Nak,53,2019-08-09T03:33:09.000+07:00,2025-09-20T06:31:26.000+07:00,
6606,อำเภอโพทะเล,Amphoe Pho Thale,53,2019-08-09T03:33:09.000+07:00,2025-09-20T06:31:26.000+07:00,
6607,อำเภอสามง่าม,Amphoe Sam Ngam,53,2019-08-09T03:33:09.000+07:00,2025-09-20T06:31:26.000+07:00,
6608,อำเภอทับคล้อ,Amphoe Tap Khlo,53,2019-08-09T03:33:09.000+07:00,2025-09-20T06:31:26.000+07:00,
6609,อำเภอสากเหล็ก,Amphoe Sak Lek,53,2019-08-09T03:33:09.000+07:00,2025-09-20T06:31:26.000+07:00,
6610,อำเภอบึงนาราง,Amphoe Bueng Na Rang,53,2019-08-09T03:33:09.000+07:00,2025-09-20T06:31:26.000+07:00,
6611,อำเภอดงเจริญ,Amphoe Dong Charoen,53,2019-08-09T03:33:09.000+07:00,2025-09-20T06:31:26.000+07:00,
6612,อำเภอวชิรบารมี,Amphoe Wachirabarami,53,2019-08-09T03:33:09.000+07:00,2025-09-20T06:31:26.000+07:00,
6701,อำเภอเมืองเพชรบูรณ์,Amphoe Mueang Phetchabun,54,2019-08-09T03:33:09.000+07:00,2025-09-20T06:31:26.000+07:00,
6702,อำเภอชนแดน,Amphoe Chon Daen,54,2019-08-09T03:33:09.000+07:00,2025-09-20T06:31:26.000+07:00,
6703,อำเภอหล่มสัก,Amphoe Lom Sak,54,2019-08-09T03:33:09.000+07:00,2025-09-20T06:31:26.000+07:00,
6704,อำเภอหล่มเก่า,Amphoe Lom Kao,54,2019-08-09T03:33:09.000+07:00,2025-09-20T06:31:26.000+07:00,
6705,อำเภอวิเชียรบุรี,Amphoe Wichian Buri,54,2019-08-09T03:33:09.000+07:00,2025-09-20T06:31:26.000+07:00,
6706,อำเภอศรีเทพ,Amphoe Si Thep,54,2019-08-09T03:33:09.000+07:00,2025-09-20T06:31:26.000+07:00,
6707,อำเภอหนองไผ่,Amphoe Nong Phai,54,2019-08-09T03:33:09.000+07:00,2025-09-20T06:31:26.000+07:00,
6708,อำเภอบึงสามพัน,Amphoe Bueng Sam Phan,54,2019-08-09T03:33:09.000+07:00,2025-09-20T06:31:26.000+07:00,
6709,อำเภอน้ำหนาว,Amphoe Nam Nao,54,2019-08-09T03:33:09.000+07:00,2025-09-20T06:31:26.000+07:00,
6710,อำเภอวังโป่ง,Amphoe Wang Pong,54,2019-08-09T03:33:09.000+07:00,2025-09-20T06:31:26.000+07:00,
6711,อำเภอเขาค้อ,Amphoe Khao Kho,54,2019-08-09T03:33:09.000+07:00,2025-09-20T06:31:26.000+07:00,
7001,อำเภอเมืองราชบุรี,Amphoe Mueang Ratchaburi,55,2019-08-09T03:33:09.000+07:00,2025-09-20T06:31:26.000+07:00,
7002,อำเภอจอมบึง,Amphoe Chom Bueng,55,2019-08-09T03:33:09.000+07:00,2025-09-20T06:31:26.000+07:00,
7003,อำเภอสวนผึ้ง,Amphoe Suan Phueng,55,2019-08-09T03:33:09.000+07:00,2025-09-20T06:31:26.000+07:00,
7004,อำเภอดำเนินสะดวก,Amphoe Damnoen Saduak,55,2019-08-09T03:33:09.000+07:00,2025-09-20T06:31:26.000+07:00,
7005,อำเภอบ้านโป่ง,Amphoe Ban Pong,55,2019-08-09T03:33:09.000+07:00,2025-09-20T06:31:26.000+07:00,
7006,อำเภอบางแพ,Amphoe Bang Phae,55,2019-08-09T03:33:09.000+07:00,2025-09-20T06:31:26.000+07:00,
7007,อำเภอโพธาราม,Amphoe Photharam,55,2019-08-09T03:33:09.000+07:00,2025-09-20T06:31:26.000+07:00,
7008,อำเภอปากท่อ,Amphoe Pak Tho,55,2019-08-09T03:33:09.000+07:00,2025-09-20T06:31:26.000+07:00,
7009,อำเภอวัดเพลง,Amphoe Wat Phleng,55,2019-08-09T03:33:09.000+07:00,2025-09-20T06:31:26.000+07:00,
7010,อำเภอบ้านคา,Amphoe Ban Kha,55,2019-08-09T03:33:09.000+07:00,2025-09-20T06:31:26.000+07:00,
7074,อำเภอท้องถิ่นเทศบาลตำบลบ้านฆ้อง,Amphoe Tet Saban Ban Kong,55,2019-08-09T03:33:09.000+07:00,2025-09-20T06:31:26.000+07:00,
7101,อำเภอเมืองกาญจนบุรี,Amphoe Mueang Kanchanaburi,56,2019-08-09T03:33:09.000+07:00,2025-09-20T06:31:26.000+07:00,
7102,อำเภอไทรโยค,Amphoe Sai Yok,56,2019-08-09T03:33:09.000+07:00,2025-09-20T06:31:26.000+07:00,
7103,อำเภอบ่อพลอย,Amphoe Bo Phloi,56,2019-08-09T03:33:09.000+07:00,2025-09-20T06:31:26.000+07:00,
7104,อำเภอศรีสวัสดิ์,Amphoe Si Sawat,56,2019-08-09T03:33:09.000+07:00,2025-09-20T06:31:26.000+07:00,
7105,อำเภอท่ามะกา,Amphoe Tha Maka,56,2019-08-09T03:33:09.000+07:00,2025-09-20T06:31:26.000+07:00,
7106,อำเภอท่าม่วง,Amphoe Tha Muang,56,2019-08-09T03:33:09.000+07:00,2025-09-20T06:31:26.000+07:00,
7107,อำเภอทองผาภูมิ,Amphoe Pha Phum,56,2019-08-09T03:33:09.000+07:00,2025-09-20T06:31:26.000+07:00,
7108,อำเภอสังขละบุรี,Amphoe Sangkhla Buri,56,2019-08-09T03:33:09.000+07:00,2025-09-20T06:31:26.000+07:00,
7109,อำเภอพนมทวน,Amphoe Phanom Thuan,56,2019-08-09T03:33:09.000+07:00,2025-09-20T06:31:26.000+07:00,
7110,อำเภอเลาขวัญ,Amphoe Lao Khwan,56,2019-08-09T03:33:09.000+07:00,2025-09-20T06:31:26.000+07:00,
7111,อำเภอด่านมะขามเตี้ย,Amphoe Dan Makham Tia,56,2019-08-09T03:33:09.000+07:00,2025-09-20T06:31:26.000+07:00,
7112,อำเภอหนองปรือ,Amphoe Nong Prue,56,2019-08-09T03:33:09.000+07:00,2025-09-20T06:31:26.000+07:00,
7113,อำเภอห้วยกระเจา,Amphoe Huai Krachao,56,2019-08-09T03:33:09.000+07:00,2025-09-20T06:31:26.000+07:00,
7201,อำเภอเมืองสุพรรณบุรี,Amphoe Mueang Suphan Buri,57,2019-08-09T03:33:09.000+07:00,2025-09-20T06:31:26.000+07:00,
7202,อำเภอเดิมบางนางบวช,Amphoe Doem Bang Nang Buat,57,2019-08-09T03:33:09.000+07:00,2025-09-20T06:31:26.000+07:00,
7203,อำเภอด่านช้าง,Amphoe Dan Chang,57,2019-08-09T03:33:09.000+07:00,2025-09-20T06:31:26.000+07:00,
7204,อำเภอบางปลาม้า,Amphoe Bang Pla Ma,57,2019-08-09T03:33:09.000+07:00,2025-09-20T06:31:26.000+07:00,
7205,อำเภอศรีประจันต์,Amphoe Si Prachan,57,2019-08-09T03:33:09.000+07:00,2025-09-20T06:31:26.000+07:00,
7206,อำเภอดอนเจดีย์,Amphoe Don Chedi,57,2019-08-09T03:33:09.000+07:00,2025-09-20T06:31:26.000+07:00,
7207,อำเภอสองพี่น้อง,Amphoe Song Phi Nong,57,2019-08-09T03:33:09.000+07:00,2025-09-20T06:31:26.000+07:00,
7208,อำเภอสามชุก,Amphoe Sam Chuk,57,2019-08-09T03:33:09.000+07:00,2025-09-20T06:31:26.000+07:00,
7209,อำเภออู่ทอง,Amphoe U Thong,57,2019-08-09T03:33:09.000+07:00,2025-09-20T06:31:26.000+07:00,
7210,อำเภอหนองหญ้าไซ,Amphoe Nong Ya Sai,57,2019-08-09T03:33:09.000+07:00,2025-09-20T06:31:26.000+07:00,
7301,อำเภอเมืองนครปฐม,Amphoe Mueang Nakhon Pathom,58,2019-08-09T03:33:09.000+07:00,2025-09-20T06:31:26.000+07:00,
7302,อำเภอกำแพงแสน,Amphoe Kamphaeng Saen,58,2019-08-09T03:33:09.000+07:00,2025-09-20T06:31:26.000+07:00,
7303,อำเภอนครชัยศรี,Amphoe Nakhon Chai Si,58,2019-08-09T03:33:09.000+07:00,2025-09-20T06:31:26.000+07:00,
7304,อำเภอดอนตูม,Amphoe Don Tum,58,2019-08-09T03:33:09.000+07:00,2025-09-20T06:31:26.000+07:00,
7305,อำเภอบางเลน,Amphoe Bang Len,58,2019-08-09T03:33:09.000+07:00,2025-09-20T06:31:26.000+07:00,
7306,อำเภอสามพราน,Amphoe Sam Phran,58,2019-08-09T03:33:09.000+07:00,2025-09-20T06:31:26.000+07:00,
7307,อำเภอพุทธมณฑล,Amphoe Phutthamonthon,58,2019-08-09T03:33:09.000+07:00,2025-09-20T06:31:26.000+07:00,
7401,อำเภอเมืองสมุทรสาคร,Amphoe Mueang Samut Sakhon,59,2019-08-09T03:33:09.000+07:00,2025-09-20T06:31:26.000+07:00,
7402,อำเภอกระทุ่มแบน,Amphoe Krathum Baen,59,2019-08-09T03:33:09.000+07:00,2025-09-20T06:31:26.000+07:00,
7403,อำเภอบ้านแพ้ว,Amphoe Ban Phaeo,59,2019-08-09T03:33:09.000+07:00,2025-09-20T06:31:26.000+07:00,
7501,อำเภอเมืองสมุทรสงคราม,Amphoe Mueang Samut Songkhram,60,2019-08-09T03:33:09.000+07:00,2025-09-20T06:31:26.000+07:00,
7502,อำเภอบางคนที,Amphoe Bang Khonthi,60,2019-08-09T03:33:09.000+07:00,2025-09-20T06:31:26.000+07:00,
7503,อำเภออัมพวา,Amphoe Amphawa,60,2019-08-09T03:33:09.000+07:00,2025-09-20T06:31:26.000+07:00,
7601,อำเภอเมืองเพชรบุรี,Amphoe Mueang Phetchaburi,61,2019-08-09T03:33:09.000+07:00,2025-09-20T06:31:26.000+07:00,
7602,อำเภอเขาย้อย,Amphoe Khao Yoi,61,2019-08-09T03:33:09.000+07:00,2025-09-20T06:31:26.000+07:00,
7603,อำเภอหนองหญ้าปล้อง,Amphoe Nong Ya Plong,61,2019-08-09T03:33:09.000+07:00,2025-09-20T06:31:26.000+07:00,
7604,อำเภอชะอำ,Amphoe Cha-am,61,2019-08-09T03:33:09.000+07:00,2025-09-20T06:31:26.000+07:00,
7605,อำเภอท่ายาง,Amphoe Tha Yang,61,2019-08-09T03:33:09.000+07:00,2025-09-20T06:31:26.000+07:00,
7606,อำเภอบ้านลาด,Amphoe Ban Lat,61,2019-08-09T03:33:09.000+07:00,2025-09-20T06:31:26.000+07:00,
7607,อำเภอบ้านแหลม,Amphoe Ban Laem,61,2019-08-09T03:33:09.000+07:00,2025-09-20T06:31:26.000+07:00,
7608,อำเภอแก่งกระจาน,Amphoe Kaeng Krachan,61,2019-08-09T03:33:09.000+07:00,2025-09-20T06:31:26.000+07:00,
7701,อำเภอเมืองประจวบคีรีขันธ์,Amphoe Mueang Prachuap Khiri Khan,62,2019-08-09T03:33:09.000+07:00,2025-09-20T06:31:26.000+07:00,
7702,อำเภอกุยบุรี,Amphoe Kui Buri,62,2019-08-09T03:33:09.000+07:00,2025-09-20T06:31:26.000+07:00,
7703,อำเภอทับสะแก,Amphoe Thap Sakae,62,2019-08-09T03:33:09.000+07:00,2025-09-20T06:31:26.000+07:00,
7704,อำเภอบางสะพาน,Amphoe Bang Saphan,62,2019-08-09T03:33:09.000+07:00,2025-09-20T06:31:26.000+07:00,
7705,อำเภอบางสะพานน้อย,Amphoe Bang Saphan Noi,62,2019-08-09T03:33:09.000+07:00,2025-09-20T06:31:26.000+07:00,
7706,อำเภอปราณบุรี,Amphoe Pran Buri,62,2019-08-09T03:33:09.000+07:00,2025-09-20T06:31:26.000+07:00,
7707,อำเภอหัวหิน,Amphoe Hua Hin,62,2019-08-09T03:33:09.000+07:00,2025-09-20T06:31:26.000+07:00,
7708,อำเภอสามร้อยยอด,Amphoe Sam Roi Yot,62,2019-08-09T03:33:09.000+07:00,2025-09-20T06:31:26.000+07:00,
8001,อำเภอเมืองนครศรีธรรมราช,Amphoe Mueang Nakhon Si Thammarat,63,2019-08-09T03:33:09.000+07:00,2025-09-20T06:31:26.000+07:00,
8002,อำเภอพรหมคีรี,Amphoe Phrom Khiri,63,2019-08-09T03:33:09.000+07:00,2025-09-20T06:31:26.000+07:00,
8003,อำเภอลานสกา,Amphoe Lan Saka,63,2019-08-09T03:33:09.000+07:00,2025-09-20T06:31:26.000+07:00,
8004,อำเภอฉวาง,Amphoe Chawang,63,2019-08-09T03:33:09.000+07:00,2025-09-20T06:31:26.000+07:00,
8005,อำเภอพิปูน,Amphoe Phipun,63,2019-08-09T03:33:09.000+07:00,2025-09-20T06:31:26.000+07:00,
8006,อำเภอเชียรใหญ่,Amphoe Chian Yai,63,2019-08-09T03:33:09.000+07:00,2025-09-20T06:31:26.000+07:00,
8007,อำเภอชะอวด,Amphoe Cha-uat,63,2019-08-09T03:33:09.000+07:00,2025-09-20T06:31:26.000+07:00,
8008,อำเภอท่าศาลา,Amphoe Tha Sala,63,2019-08-09T03:33:09.000+07:00,2025-09-20T06:31:26.000+07:00,
8009,อำเภอทุ่งสง,Amphoe Thung Song,63,2019-08-09T03:33:09.000+07:00,2025-09-20T06:31:26.000+07:00,
8010,อำเภอนาบอน,Amphoe Na Bon,63,2019-08-09T03:33:09.000+07:00,2025-09-20T06:31:26.000+07:00,
8011,อำเภอทุ่งใหญ่,Amphoe Thung Yai,63,2019-08-09T03:33:09.000+07:00,2025-09-20T06:31:26.000+07:00,
8012,อำเภอปากพนัง,Amphoe Pak Phanang,63,2019-08-09T03:33:09.000+07:00,2025-09-20T06:31:26.000+07:00,
8013,อำเภอร่อนพิบูลย์,Amphoe Ron Phibun,63,2019-08-09T03:33:09.000+07:00,2025-09-20T06:31:26.000+07:00,
8014,อำเภอสิชล,Amphoe Sichon,63,2019-08-09T03:33:09.000+07:00,2025-09-20T06:31:26.000+07:00,
8015,อำเภอขนอม,Amphoe Khanom,63,2019-08-09T03:33:09.000+07:00,2025-09-20T06:31:26.000+07:00,
8016,อำเภอหัวไทร,Amphoe Hua Sai,63,2019-08-09T03:33:09.000+07:00,2025-09-20T06:31:26.000+07:00,
8017,อำเภอบางขัน,Amphoe Bang Khan,63,2019-08-09T03:33:09.000+07:00,2025-09-20T06:31:26.000+07:00,
8018,อำเภอถ้ำพรรณรา,Amphoe Tham Phannara,63,2019-08-09T03:33:09.000+07:00,2025-09-20T06:31:26.000+07:00,
8019,อำเภอจุฬาภรณ์,Amphoe Chulabhorn,63,2019-08-09T03:33:09.000+07:00,2025-09-20T06:31:26.000+07:00,
8020,อำเภอพระพรหม,Amphoe Phra Phrom,63,2019-08-09T03:33:09.000+07:00,2025-09-20T06:31:26.000+07:00,
8021,อำเภอนบพิตำ,Amphoe Nopphitam,63,2019-08-09T03:33:09.000+07:00,2025-09-20T06:31:26.000+07:00,
8022,อำเภอช้างกลาง,Amphoe Chang Klang,63,2019-08-09T03:33:09.000+07:00,2025-09-20T06:31:26.000+07:00,
8023,อำเภอเฉลิมพระเกียรติ,Amphoe Chaloem Phra Kiat,63,2019-08-09T03:33:09.000+07:00,2025-09-20T06:31:26.000+07:00,
8101,อำเภอเมืองกระบี่,Amphoe Mueang Krabi,64,2019-08-09T03:33:09.000+07:00,2025-09-20T06:31:26.000+07:00,
8102,อำเภอเขาพนม,Amphoe Khao Phanom,64,2019-08-09T03:33:09.000+07:00,2025-09-20T06:31:26.000+07:00,
8103,อำเภอเกาะลันตา,Amphoe Ko Lanta,64,2019-08-09T03:33:09.000+07:00,2025-09-20T06:31:26.000+07:00,
8104,อำเภอคลองท่อม,Amphoe Khlong Thom,64,2019-08-09T03:33:09.000+07:00,2025-09-20T06:31:26.000+07:00,
8105,อำเภออ่าวลึก,Amphoe Ao Luek,64,2019-08-09T03:33:09.000+07:00,2025-09-20T06:31:26.000+07:00,
8106,อำเภอปลายพระยา,Amphoe Plai Phraya,64,2019-08-09T03:33:09.000+07:00,2025-09-20T06:31:26.000+07:00,
8107,อำเภอลำทับ,Amphoe Lam Thap,64,2019-08-09T03:33:09.000+07:00,2025-09-20T06:31:26.000+07:00,
8108,อำเภอเหนือคลอง,Amphoe Nuea Khlong,64,2019-08-09T03:33:09.000+07:00,2025-09-20T06:31:26.000+07:00,
8201,อำเภอเมืองพังงา,Amphoe Mueang Phang-nga,65,2019-08-09T03:33:09.000+07:00,2025-09-20T06:31:26.000+07:00,
8202,อำเภอเกาะยาว,Amphoe Ko Yao,65,2019-08-09T03:33:09.000+07:00,2025-09-20T06:31:26.000+07:00,
8203,อำเภอกะปง,Amphoe Kapong,65,2019-08-09T03:33:09.000+07:00,2025-09-20T06:31:26.000+07:00,
8204,อำเภอตะกั่วทุ่ง,Amphoe Takua Thung,65,2019-08-09T03:33:09.000+07:00,2025-09-20T06:31:26.000+07:00,
8205,อำเภอตะกั่วป่า,Amphoe Takua Pa,65,2019-08-09T03:33:09.000+07:00,2025-09-20T06:31:26.000+07:00,
8206,อำเภอคุระบุรี,Amphoe Khura Buri,65,2019-08-09T03:33:09.000+07:00,2025-09-20T06:31:26.000+07:00,
8207,อำเภอทับปุด,Amphoe Thap Put,65,2019-08-09T03:33:09.000+07:00,2025-09-20T06:31:26.000+07:00,
8208,อำเภอท้ายเหมือง,Amphoe Thai Mueang,65,2019-08-09T03:33:09.000+07:00,2025-09-20T06:31:26.000+07:00,
8301,อำเภอเมืองภูเก็ต,Amphoe Mueang Phuket,66,2019-08-09T03:33:09.000+07:00,2025-09-20T06:31:26.000+07:00,
8302,อำเภอกะทู้,Amphoe Kathu,66,2019-08-09T03:33:09.000+07:00,2025-09-20T06:31:26.000+07:00,
8303,อำเภอถลาง,Amphoe Thalang,66,2019-08-09T03:33:09.000+07:00,2025-09-20T06:31:26.000+07:00,
8401,อำเภอเมืองสุราษฎร์ธานี,Amphoe Mueang Surat Thani,67,2019-08-09T03:33:09.000+07:00,2025-09-20T06:31:26.000+07:00,
8402,อำเภอกาญจนดิษฐ์,Amphoe Kanchanadit,67,2019-08-09T03:33:09.000+07:00,2025-09-20T06:31:26.000+07:00,
8403,อำเภอดอนสัก,Amphoe Don Sak,67,2019-08-09T03:33:09.000+07:00,2025-09-20T06:31:26.000+07:00,
8404,อำเภอเกาะสมุย,Amphoe Ko Samui,67,2019-08-09T03:33:09.000+07:00,2025-09-20T06:31:26.000+07:00,
8405,อำเภอเกาะพะงัน,Amphoe Ko Pha-ngan,67,2019-08-09T03:33:09.000+07:00,2025-09-20T06:31:26.000+07:00,
8406,อำเภอไชยา,Amphoe Chaiya,67,2019-08-09T03:33:09.000+07:00,2025-09-20T06:31:26.000+07:00,
8407,อำเภอท่าชนะ,Amphoe Tha Chana,67,2019-08-09T03:33:09.000+07:00,2025-09-20T06:31:26.000+07:00,
8408,อำเภอคีรีรัฐนิคม,Amphoe Khiri Rat Nikhom,67,2019-08-09T03:33:09.000+07:00,2025-09-20T06:31:26.000+07:00,
8409,อำเภอบ้านตาขุน,Amphoe Ban Ta Khun,67,2019-08-09T03:33:09.000+07:00,2025-09-20T06:31:26.000+07:00,
8410,อำเภอพนม,Amphoe Phanom,67,2019-08-09T03:33:09.000+07:00,2025-09-20T06:31:26.000+07:00,
8411,อำเภอท่าฉาง,Amphoe Tha Chang,67,2019-08-09T03:33:09.000+07:00,2025-09-20T06:31:26.000+07:00,
8412,อำเภอบ้านนาสาร,Amphoe Ban Na San,67,2019-08-09T03:33:09.000+07:00,2025-09-20T06:31:26.000+07:00,
8413,อำเภอบ้านนาเดิม,Amphoe Ban Na Doem,67,2019-08-09T03:33:09.000+07:00,2025-09-20T06:31:26.000+07:00,
8414,อำเภอเคียนซา,Amphoe Khian Sa,67,2019-08-09T03:33:09.000+07:00,2025-09-20T06:31:26.000+07:00,
8415,อำเภอเวียงสระ,Amphoe Wiang Sa,67,2019-08-09T03:33:09.000+07:00,2025-09-20T06:31:26.000+07:00,
8416,อำเภอพระแสง,Amphoe Phrasaeng,67,2019-08-09T03:33:09.000+07:00,2025-09-20T06:31:26.000+07:00,
8417,อำเภอพุนพิน,Amphoe Phunphin,67,2019-08-09T03:33:09.000+07:00,2025-09-20T06:31:26.000+07:00,
8418,อำเภอชัยบุรี,Amphoe Chai Buri,67,2019-08-09T03:33:09.000+07:00,2025-09-20T06:31:26.000+07:00,
8419,อำเภอวิภาวดี,Amphoe Vibhavadi,67,2019-08-09T03:33:09.000+07:00,2025-09-20T06:31:26.000+07:00,
8501,อำเภอเมืองระนอง,Amphoe Mueang Ranong,68,2019-08-09T03:33:09.000+07:00,2025-09-20T06:31:26.000+07:00,
8502,อำเภอละอุ่น,Amphoe La-un,68,2019-08-09T03:33:09.000+07:00,2025-09-20T06:31:26.000+07:00,
8503,อำเภอกะเปอร์,Amphoe Kapoe,68,2019-08-09T03:33:09.000+07:00,2025-09-20T06:31:26.000+07:00,
8504,อำเภอกระบุรี,Amphoe Kra Buri,68,2019-08-09T03:33:09.000+07:00,2025-09-20T06:31:26.000+07:00,
8505,อำเภอสุขสำราญ,Amphoe Suk Samran,68,2019-08-09T03:33:09.000+07:00,2025-09-20T06:31:26.000+07:00,
8601,อำเภอเมืองชุมพร,Amphoe Mueang Chumphon,69,2019-08-09T03:33:09.000+07:00,2025-09-20T06:31:26.000+07:00,
8602,อำเภอท่าแซะ,Amphoe Tha Sae,69,2019-08-09T03:33:09.000+07:00,2025-09-20T06:31:26.000+07:00,
8603,อำเภอปะทิว,Amphoe Pathio,69,2019-08-09T03:33:09.000+07:00,2025-09-20T06:31:26.000+07:00,
8604,อำเภอหลังสวน,Amphoe Lang Suan,69,2019-08-09T03:33:09.000+07:00,2025-09-20T06:31:26.000+07:00,
8605,อำเภอละแม,Amphoe Lamae,69,2019-08-09T03:33:09.000+07:00,2025-09-20T06:31:26.000+07:00,
8606,อำเภอพะโต๊ะ,Amphoe Phato,69,2019-08-09T03:33:09.000+07:00,2025-09-20T06:31:26.000+07:00,
8607,อำเภอสวี,Amphoe Sawi,69,2019-08-09T03:33:09.000+07:00,2025-09-20T06:31:26.000+07:00,
8608,อำเภอทุ่งตะโก,Amphoe Thung Tako,69,2019-08-09T03:33:09.000+07:00,2025-09-20T06:31:26.000+07:00,
9001,อำเภอเมืองสงขลา,Amphoe Mueang Songkhla,70,2019-08-09T03:33:09.000+07:00,2025-09-20T06:31:26.000+07:00,
9002,อำเภอสทิงพระ,Amphoe Sathing Phra,70,2019-08-09T03:33:09.000+07:00,2025-09-20T06:31:26.000+07:00,
9003,อำเภอจะนะ,Amphoe Chana,70,2019-08-09T03:33:09.000+07:00,2025-09-20T06:31:26.000+07:00,
9004,อำเภอนาทวี,Amphoe Na Thawi,70,2019-08-09T03:33:09.000+07:00,2025-09-20T06:31:26.000+07:00,
9005,อำเภอเทพา,Amphoe Thepha,70,2019-08-09T03:33:09.000+07:00,2025-09-20T06:31:26.000+07:00,
9006,อำเภอสะบ้าย้อย,Amphoe Saba Yoi,70,2019-08-09T03:33:09.000+07:00,2025-09-20T06:31:26.000+07:00,
9007,อำเภอระโนด,Amphoe Ranot,70,2019-08-09T03:33:09.000+07:00,2025-09-20T06:31:26.000+07:00,
9008,อำเภอกระแสสินธุ์,Amphoe Krasae Sin,70,2019-08-09T03:33:09.000+07:00,2025-09-20T06:31:26.000+07:00,
9009,อำเภอรัตภูมิ,Amphoe Rattaphum,70,2019-08-09T03:33:09.000+07:00,2025-09-20T06:31:26.000+07:00,
9010,อำเภอสะเดา,Amphoe Sadao,70,2019-08-09T03:33:09.000+07:00,2025-09-20T06:31:26.000+07:00,
9011,อำเภอหาดใหญ่,Amphoe Hat Yai,70,2019-08-09T03:33:09.000+07:00,2025-09-20T06:31:26.000+07:00,
9012,อำเภอนาหม่อม,Amphoe Na Mom,70,2019-08-09T03:33:09.000+07:00,2025-09-20T06:31:26.000+07:00,
9013,อำเภอควนเนียง,Amphoe Khuan Niang,70,2019-08-09T03:33:09.000+07:00,2025-09-20T06:31:26.000+07:00,
9014,อำเภอบางกล่ำ,Amphoe Bang Klam,70,2019-08-09T03:33:09.000+07:00,2025-09-20T06:31:26.000+07:00,
9015,อำเภอสิงหนคร,Amphoe Singhanakhon,70,2019-08-09T03:33:09.000+07:00,2025-09-20T06:31:26.000+07:00,
9016,อำเภอคลองหอยโข่ง,Amphoe Khlong Hoi Khong,70,2019-08-09T03:33:09.000+07:00,2025-09-20T06:31:26.000+07:00,
9077,อำเภอท้องถิ่นเทศบาลตำบลสำนักขาม,Amphoe Sum Nung Kam,70,2019-08-09T03:33:09.000+07:00,2025-09-20T06:31:26.000+07:00,
9101,อำเภอเมืองสตูล,Amphoe Mueang Satun,71,2019-08-09T03:33:09.000+07:00,2025-09-20T06:31:26.000+07:00,
9102,อำเภอควนโดน,Amphoe Khuan Don,71,2019-08-09T03:33:09.000+07:00,2025-09-20T06:31:26.000+07:00,
9103,อำเภอควนกาหลง,Amphoe Khuan Kalong,71,2019-08-09T03:33:09.000+07:00,2025-09-20T06:31:26.000+07:00,
9104,อำเภอท่าแพ,Amphoe Tha Phae,71,2019-08-09T03:33:09.000+07:00,2025-09-20T06:31:26.000+07:00,
9105,อำเภอละงู,Amphoe La-ngu,71,2019-08-09T03:33:09.000+07:00,2025-09-20T06:31:26.000+07:00,
9106,อำเภอทุ่งหว้า,Amphoe Thung Wa,71,2019-08-09T03:33:09.000+07:00,2025-09-20T06:31:26.000+07:00,
9107,อำเภอมะนัง,Amphoe Manang,71,2019-08-09T03:33:09.000+07:00,2025-09-20T06:31:26.000+07:00,
9201,อำเภอเมืองตรัง,Amphoe Mueang Trang,72,2019-08-09T03:33:09.000+07:00,2025-09-20T06:31:26.000+07:00,
9202,อำเภอกันตัง,Amphoe Kantang,72,2019-08-09T03:33:09.000+07:00,2025-09-20T06:31:26.000+07:00,
9203,อำเภอย่านตาขาว,Amphoe Yan Ta Khao,72,2019-08-09T03:33:09.000+07:00,2025-09-20T06:31:26.000+07:00,
9204,อำเภอปะเหลียน,Amphoe Palian,72,2019-08-09T03:33:09.000+07:00,2025-09-20T06:31:26.000+07:00,
9205,อำเภอสิเกา,Amphoe Sikao,72,2019-08-09T03:33:09.000+07:00,2025-09-20T06:31:26.000+07:00,
9206,อำเภอห้วยยอด,Amphoe Huai Yot,72,2019-08-09T03:33:09.000+07:00,2025-09-20T06:31:26.000+07:00,
9207,อำเภอวังวิเศษ,Amphoe Wang Wiset,72,2019-08-09T03:33:09.000+07:00,2025-09-20T06:31:26.000+07:00,
9208,อำเภอนาโยง,Amphoe Na Yong,72,2019-08-09T03:33:09.000+07:00,2025-09-20T06:31:26.000+07:00,
9209,อำเภอรัษฎา,Amphoe Ratsada,72,2019-08-09T03:33:09.000+07:00,2025-09-20T06:31:26.000+07:00,
9210,อำเภอหาดสำราญ,Amphoe Hat Samran,72,2019-08-09T03:33:09.000+07:00,2025-09-20T06:31:26.000+07:00,
9301,อำเภอเมืองพัทลุง,Amphoe Mueang Phatthalung,73,2019-08-09T03:33:09.000+07:00,2025-09-20T06:31:26.000+07:00,
9302,อำเภอกงหรา,Amphoe Kong Ra,73,2019-08-09T03:33:09.000+07:00,2025-09-20T06:31:26.000+07:00,
9303,อำเภอเขาชัยสน,Amphoe Khao Chaison,73,2019-08-09T03:33:09.000+07:00,2025-09-20T06:31:26.000+07:00,
9304,อำเภอตะโหมด,Amphoe Tamot,73,2019-08-09T03:33:09.000+07:00,2025-09-20T06:31:26.000+07:00,
9305,อำเภอควนขนุน,Amphoe Khuan Khanun,73,2019-08-09T03:33:09.000+07:00,2025-09-20T06:31:26.000+07:00,
9306,อำเภอปากพะยูน,Amphoe Pak Phayun,73,2019-08-09T03:33:09.000+07:00,2025-09-20T06:31:26.000+07:00,
9307,อำเภอศรีบรรพต,Amphoe Si Banphot,73,2019-08-09T03:33:09.000+07:00,2025-09-20T06:31:26.000+07:00,
9308,อำเภอป่าบอน,Amphoe Pa Bon,73,2019-08-09T03:33:09.000+07:00,2025-09-20T06:31:26.000+07:00,
9309,อำเภอบางแก้ว,Amphoe Bang Kaeo,73,2019-08-09T03:33:09.000+07:00,2025-09-20T06:31:26.000+07:00,
9310,อำเภอป่าพะยอม,Amphoe Pa Phayom,73,2019-08-09T03:33:09.000+07:00,2025-09-20T06:31:26.000+07:00,
9311,อำเภอศรีนครินทร์,Amphoe Srinagarindra,73,2019-08-09T03:33:09.000+07:00,2025-09-20T06:31:26.000+07:00,
9401,อำเภอเมืองปัตตานี,Amphoe Mueang Pattani,74,2019-08-09T03:33:09.000+07:00,2025-09-20T06:31:26.000+07:00,
9402,อำเภอโคกโพธิ์,Amphoe Khok Pho,74,2019-08-09T03:33:09.000+07:00,2025-09-20T06:31:26.000+07:00,
9403,อำเภอหนองจิก,Amphoe Nong Chik,74,2019-08-09T03:33:09.000+07:00,2025-09-20T06:31:26.000+07:00,
9404,อำเภอปะนาเระ,Amphoe Panare,74,2019-08-09T03:33:09.000+07:00,2025-09-20T06:31:26.000+07:00,
9405,อำเภอมายอ,Amphoe Mayo,74,2019-08-09T03:33:09.000+07:00,2025-09-20T06:31:26.000+07:00,
9406,อำเภอทุ่งยางแดง,Amphoe Thung Yang Daeng,74,2019-08-09T03:33:09.000+07:00,2025-09-20T06:31:26.000+07:00,
9407,อำเภอสายบุรี,Amphoe Sai Buri,74,2019-08-09T03:33:09.000+07:00,2025-09-20T06:31:26.000+07:00,
9408,อำเภอไม้แก่น,Amphoe Mai Kaen,74,2019-08-09T03:33:09.000+07:00,2025-09-20T06:31:26.000+07:00,
9409,อำเภอยะหริ่ง,Amphoe Yaring,74,2019-08-09T03:33:09.000+07:00,2025-09-20T06:31:26.000+07:00,
9410,อำเภอยะรัง,Amphoe Yarang,74,2019-08-09T03:33:09.000+07:00,2025-09-20T06:31:26.000+07:00,
9411,อำเภอกะพ้อ,Amphoe Kapho,74,2019-08-09T03:33:09.000+07:00,2025-09-20T06:31:26.000+07:00,
9412,อำเภอแม่ลาน,Amphoe Mae Lan,74,2019-08-09T03:33:09.000+07:00,2025-09-20T06:31:26.000+07:00,
9501,อำเภอเมืองยะลา,Amphoe Mueang Yala,75,2019-08-09T03:33:09.000+07:00,2025-09-20T06:31:26.000+07:00,
9502,อำเภอเบตง,Amphoe Betong,75,2019-08-09T03:33:09.000+07:00,2025-09-20T06:31:26.000+07:00,
9503,อำเภอบันนังสตา,Amphoe Bannang Sata,75,2019-08-09T03:33:09.000+07:00,2025-09-20T06:31:26.000+07:00,
9504,อำเภอธารโต,Amphoe Than To,75,2019-08-09T03:33:09.000+07:00,2025-09-20T06:31:26.000+07:00,
9505,อำเภอยะหา,Amphoe Yaha,75,2019-08-09T03:33:09.000+07:00,2025-09-20T06:31:26.000+07:00,
9506,อำเภอรามัน,Amphoe Raman,75,2019-08-09T03:33:09.000+07:00,2025-09-20T06:31:26.000+07:00,
9507,อำเภอกาบัง,Amphoe Kabang,75,2019-08-09T03:33:09.000+07:00,2025-09-20T06:31:26.000+07:00,
9508,อำเภอกรงปินัง,Amphoe Krong Pinang,75,2019-08-09T03:33:09.000+07:00,2025-09-20T06:31:26.000+07:00,
9601,อำเภอเมืองนราธิวาส,Amphoe Mueang Narathiwat,76,2019-08-09T03:33:09.000+07:00,2025-09-20T06:31:26.000+07:00,
9602,อำเภอตากใบ,Amphoe Tak Bai,76,2019-08-09T03:33:09.000+07:00,2025-09-20T06:31:26.000+07:00,
9603,อำเภอบาเจาะ,Amphoe Bacho,76,2019-08-09T03:33:09.000+07:00,2025-09-20T06:31:26.000+07:00,
9604,อำเภอยี่งอ,Amphoe Yi-ngo,76,2019-08-09T03:33:09.000+07:00,2025-09-20T06:31:26.000+07:00,
9605,อำเภอระแงะ,Amphoe Ra-ngae,76,2019-08-09T03:33:09.000+07:00,2025-09-20T06:31:26.000+07:00,
9606,อำเภอรือเสาะ,Amphoe Rueso,76,2019-08-09T03:33:09.000+07:00,2025-09-20T06:31:26.000+07:00,
9607,อำเภอศรีสาคร,Amphoe Si Sakhon,76,2019-08-09T03:33:09.000+07:00,2025-09-20T06:31:26.000+07:00,
9608,อำเภอแว้ง,Amphoe Waeng,76,2019-08-09T03:33:09.000+07:00,2025-09-20T06:31:26.000+07:00,
9609,อำเภอสุคิริน,Amphoe Sukhirin,76,2019-08-09T03:33:09.000+07:00,2025-09-20T06:31:26.000+07:00,
9610,อำเภอสุไหงโก-ลก,Amphoe Su-ngai Kolok,76,2019-08-09T03:33:09.000+07:00,2025-09-20T06:31:26.000+07:00,
9611,อำเภอสุไหงปาดี,Amphoe Su-ngai Padi,76,2019-08-09T03:33:09.000+07:00,2025-09-20T06:31:26.000+07:00,
9612,อำเภอจะแนะ,Amphoe Chanae,76,2019-08-09T03:33:09.000+07:00,2025-09-20T06:31:26.000+07:00,
9613,อำเภอเจาะไอร้อง,Amphoe Cho-airong,76,2019-08-09T03:33:09.000+07:00,2025-09-20T06:31:26.000+07:00,
